312E27D22B30B1B234A9A8C7B06FADD22C1B2ED3AA422ED62F87B05F286FA491A68330FEB2B82BF0AC21B048ADD31CC1B065B45D2EFDAC2E2D1B31A625562BF72D6C2DF9AF64244BB25F2E9131272D3FAD58A16E3227A63DAFD1AA1D3117AC97
B10BA76BA93FB1C7B09A301CB3DC31EAB1BBB0DBA9A127CDAB213094A56D31C225602D9C2E37AE4C25F0B0042E542AF331B7A536283721AA259AA679AD05AE263080A713AC88AF2E9091A30D3173B22BA88C22242ADEAB4EAB46A4E73176303C
3045AD6FACC524E330C3AC3A3249A9B431C1AFA02B89A50834DD1E08ACA9B1A0A912A800AF79B092A81BA330A56AB0942F7CB0262671311B2C4CAEE4AA079D53ADC5A8212975AEF733DD227CB5882E6CB5303029315AB0F4280CAE0CAEB3AE90
B1B2AF8B3275B0AA3011296BAD2EAE3D2D77B2CB351132D92BEAA809AEA7B009A408335D2C332EDEAF9124CB982A2E48B16BACFEADEB265F1932A6999ADBAAA5290C2CD7A7F1ABFB2D6BB27AAABEA607AE1A31072B1F2EC8B0E322BF30A8AC7F
A3B4ACB5AA66AE781C85AC3D2CC8AC9CAFB71C1EA7742CB128CAABB126A5312930359DA2A91EB47CB5AEAA823380312729CF2AE02A58AEA9ACB4B473B1152C38AAF328EF29DB3070993CAC1A3226298EA2752EA126E83524A6D2A014AEB72D84
2B51B1A32B1F32D4ADEE1C991A2D297B2F6BAE76AD7F2F75B01EABAC2CA6B0492F4529C32B0325FCAD36AEF93021AF3D9256AAFDB039AD85AE6E300CB014343735BAB4F5B1A8B421A736AE62AE562C6C308129F92E6E31762952AC04310C2E1F
00000000000000000000000000000000000000000000B06F00000000000000000000000000000000000000000000A519000000000000000000000000000000000000000000003174000000000000000000000000000000000000000000002E5F
000000000000000000000000000000000000000000000000000000000000000000000000000000000000000000000000000000000000000000000000000000000000000000000000000000000000000000000000000000000000000000000000
000000000000000000000000000000000000000000000000000000000000000000000000000000000000000000000000000000000000000000000000000000000000000000000000000000000000000000000000000000000000000000000000
AEA5323DAA4522862F2A31903140B1C4B13FA6FC300D2F5724AC2BFCAB36B034B262AF7EA5A0A9C52CCBB1DEA52DAC0E9FB02C57AE9FB0653369B1D5298E2482206BADB19FAEA2E1A1FE3338290DA1A9A9B8333EAB7B314B185BAC123017A4C0
9FB2A8CBAA7A3030316022B0A185A3DE2FB12ECA9F192E06AC5DAAD6AC91312F2F76A80134683133286AB0A12BBFB0A4AFFC2B4A30753281289BAF622EDE2D662F712A5EACA9B017334BAC51B0912C77B065ACE5B094A5F424F42101A148B02B
B207B0B03078271EA935AC782EEC2D99B3F8AA8FA9A52CC629402EF429E416BC315A14BDAC6530F3B36A2163B1C7278BA40E2C942DD3AA74AA7828182D712E46A8052E34A22024C8B336B408B3E5B10EAF28829EAD943129A8FC2156A33AAD38
AC952BEE8CFEAD07B08D30DCA50A259BB1912FB932E22D55316AACC7AB2B27A3A4043598B209ABAFAF1B184D321830662983B0F7205EA8732BDAB38030462F60AC9EAD963090A993B2CBA965B4422D932E4B8DE9A9DB1C7D311EB3FC3034B194
B0E9AD83B062B1EEA9713514AC76B2ADAD582D942CA81972316A2E782EAEA26F9D8BB371B1FF2E372AA7311E2A88A69DAD6DB446319AAF23A3E9AFE6AE30B07BA3B2251DA3B2B1152B21A68233E2231BA98B3039ADFAA2ECB31E21852A07AEE7
B17528F9AAF52ECD2844B224AFA9AD60293EB4F828FF28FE2DFBAA79266E2F0BA63CAF663105B0673344AD92B0432D3FB465A3D8308DB11F2E412DEEADDC3481342132CA31D5325EAECFA9B328F22D83ADB5B0772A61ADFB2E75331C27409E9D
000000000000000000000000000000000000000000002AFC00000000000000000000000000000000000000000000B266000000000000000000000000000000000000000000002ABF00000000000000000000000000000000000000000000AB12
000000000000000000000000000000000000000000000000000000000000000000000000000000000000000000000000000000000000000000000000000000000000000000000000000000000000000000000000000000000000000000000000
000000000000000000000000000000000000000000000000000000000000000000000000000000000000000000000000000000000000000000000000000000000000000000000000000000000000000000000000000000000000000000000000
2DEBA3DAAC9FA7BE31EEAAA4AEF128A92D89B237B211AE69B58B3240A82F28CFA698B18225CC24B6AAC7AFBCAF3CA807A8F82D172DC7A59AB48DA9D2B05B2F0F2EB9B108AD322E9831372D53B419AD1B2B1CB128AE6B240D20FFAF102DCD32F4
217F2692AD3AAA06341A380F2D5C2CC6AB26AD40AC81AD3E1E30293DB4BC2826B1932A25A8163063AE692E8A268CA590A5D3B1D12D34B0BAAEF0A8E0AE01300A2A9CAC1CAFB82AE133FAAD422F4B2997290D31B82D4E32222C82ADA8B05C2843
B1A42E3DA8CE2736AE9934FA2E8AAE83B132A68630011F7D258BA8582E652183AD8BB44A2AD7A0D2ABA73027ABE5A581A50C313630A2B2FB2C75AE65AD82AC372A6CA6C6A282ACD1311E2F4BB131A8D3B277ADF826A32C8A2CDF2377AC292FCD
2B8729C4B1E72FCBB02BAA42AF1F24731AB832FEAC2628A130FB9714B47FAD84A9CB31162103AA16AA7BADBDB2AB2CEAA7E4207CA8662626B021B07E2C5F3448B5672D7528A73395B02630BD2CB929B2A6573156AB72B05B29EBA50128BB2C63
24042CC231592A7CABC825011ABDA430B0CFAD09A630ADE9B0E82C98A8A9AF13B24AB59830D0AD5AA818B1F52D16B1272F942A7CA1EFB1011A48357D30202D0BA75C27072DDAAD5CB0202AD4B14EB0D7280CABDC305B2F7AAC8E27FEAE27A565
2C612AD6AAE92C07B5682A802F2F3375B188A02BAA8D3242AC2CA7D9A59C2704A45027BB116FAC1CAB06AA1BA9BA2C63ACC5B085B18D2F0AB1073344B091AB9C32532D481E5F24B92E8E2A602C4EB483AFBCAE8FA9A3B28630A4AFF73574B30D
00000000000000000000000000000000000000000000311C000000000000000000000000000000000000000000002B87000000000000000000000000000000000000000000002EEB0000000000000000000000000000000000000000000030B0
000000000000000000000000000000000000000000000000000000000000000000000000000000000000000000000000000000000000000000000000000000000000000000000000000000000000000000000000000000000000000000000000
000000000000000000000000000000000000000000000000000000000000000000000000000000000000000000000000000000000000000000000000000000000000000000000000000000000000000000000000000000000000000000000000
AC59B2C9250CAC6E29FDAF62AC5FB2D72A472F8FA82EA9F03145ADF9A94E161A15F9ACC630E72213AC512C61A9FD28B930CCAB2DB0CD28E12CA4ABA82CE92DEFB374A80C20A430A51D8D2F1DB175A13FB077B18F13C3AFB72B2E2AB0A94A3040
306428F2B2E3AC682871AE70314DAF90A1F1263127EB2C4BA834B06F3034B33B1D9A2F1DB08A2B332D269CB4B059A8DEAED9B3092C99B43225F4A1FB28AFA684AA08309626002D182D63AE253203B15A2F51B1C5B2662A08A883AEBFB07F2A30
AF0DAC9C2C2C1C65A932AFCAA03E31EF33A3A9192C9CA6C5A579317C2A4D21C8B346B43C94E32D522CA52F72AAE1AEDE1E2FAEACAD07AD72A5BE31A6AE802ED7A8B43004AF3DA94CA2E6B1B52E0B2A002D682488B0FB21FE30141964A58930E2
310DB2612F7631DEAC3D325532C12C0C2A80B0DE2C86AE0E245531A9A01BB0D0AEB4B057AEF02738334B2E33B2F7AEB22D9EB07DB0F5B45AAD4B31D730D3AB14975728F928CCADB43422AD00B39432BA3311AC27B184281F2C9931A228D1AAC3
311BB10E2D7FB247B24B33D5ACB981FFB2B3B4F0A8FFB0E1353BB0952C4E328A250A2DAFB2A72F34B10FAD1930DDB1ACA86F2D4CAF2516289C382AAC2FD8B0232BCEA3D73585A591B131B2A931D51F25A8472F4B1C1EB038ACADA8AE257E301F
2DB32413ABF8228AACA3B037A12C241621EFA8B6ACD0AB12AD972EC7B0042D5E28F3A7BF2FAAA1B12EC1A8362DC131E434B72DD82F55B019B0B8B259B01231842D253317B1CCAC472CC92DB232EC9EDFB0172ECA2D6BAFDFAE83B4B9A2B42D30
00000000000000000000000000000000000000000000280A00000000000000000000000000000000000000000000B1F100000000000000000000000000000000000000000000A065000000000000000000000000000000000000000000001DA0
000000000000000000000000000000000000000000000000000000000000000000000000000000000000000000000000000000000000000000000000000000000000000000000000000000000000000000000000000000000000000000000000
000000000000000000000000000000000000000000000000000000000000000000000000000000000000000000000000000000000000000000000000000000000000000000000000000000000000000000000000000000000000000000000000
1CEAAE37A277AD64285224E93559306A3171A67F2976AD7CAEF5338E2C8BB380ADAE30D8ACC1B1AB2A8C228E9D6431E9ACD1B013AA0D29462E3B2C1825F726FAB1982E1118B0950F3064A90C17BF26DBA76CACAFAE691E09A863AC9B27A331E2
B2253053B2E722FCB21AAB2DA9FC34BB282D255920EE2D9695E5306AAACDB6E62F15A71E306729CB2D4BADAC308EACDCAEFB2C6DB139B0A724A23030A8329C461D4AAEDC2C0B9AB32C461F3AADB7AFB1A87BB0BF33F2AD662E5CAD48198A3067
B20E3051B40B25B633522C7DB3ECB4713289312DAF69ADCD2D40ADC2AD2F2FC3AB01ACAFAD8B30C4AFFFB182AD0AB091321895A4A5DCB0D81E16A7DAB20124B3B2FEAC92B1321ED89FFAAC3F325BB345B0DCAE66A8CCB100B0AC2D872A89AEB0
2C472120ADB93140A5812E21AE70B0822A04AD7C3279AF122BBD30463085314125E3AF49B067297C2FB133132C062E1CA6CBB1DDA7BF1D4631B23087279624722F1A2CD9AD69A7112FB5AD41AC90B368B289AB92ADDCB1A42CCFB29133A2AF97
AE55B2E2B237283BA96D2E4AADF8ABECAC19B2DA14A429722D989490AF2A2F0AA853AFC7AAA2A835B0B218A23048AC7FAFD731B50B922DF1ADB6333DB063B0802BCF9F4BB72BB273B087B17AB23D2C362A0FACECAC7F309DAD7B2A5FB4892EF9
AC75AD21B009AC9B2B5AACA8B1872E7F2EA3A15C3148B08F30A2A8DCAB76A86B30D5A642B2462D8AB04C31DD28032B2930A02ADC26D6B0B7A70633A2AE8BAC19306AA7902C322FE9B18AA318AB5B2DC6B21D32D9A2B2214CAF8C280FB01EB09C
00000000000000000000000000000000000000000000AC740000000000000000000000000000000000000000000031FD00000000000000000000000000000000000000000000AD0E000000000000000000000000000000000000000000002CA0
000000000000000000000000000000000000000000000000000000000000000000000000000000000000000000000000000000000000000000000000000000000000000000000000000000000000000000000000000000000000000000000000
000000000000000000000000000000000000000000000000000000000000000000000000000000000000000000000000000000000000000000000000000000000000000000000000000000000000000000000000000000000000000000000000
2DB9AB9E28AD27EF348A2E46ADCE2F7D2FFFAD0F29932760B0A1AE8E2E9431FAA57D2BD12984329331402D2B300F304F33CEA6E032BA33BE2530B02FAF61B05924C22E112C732BDEB1B630012D6B30A8A4512B042CFAAD99366B2D46AA42AC1A
2C93B6A0B0B8A9E72861B0D429282683A7A230FC311F2A3227702E249DEC255324D0AF1A321CAFFFB474A478A53FB04E2AD433EE3354ABED2E8AB04F2665323BB44CB030AB242B4E2E971FF5AA9BA257A6B5322A2FB3AD3DABD5AC16B1A0AE0C
A866A4C4B0652D42B063B1FA3364AE3DB174AC59AA452D71A51DB0A5326FAD5EB22731A52EFFAC2EA961A8D4A0FEAF8C2DFE28F62AB5288BA0D1B13CAC1DAC163172AD36B2262B0C20B71D1D29752FFCA78DAED430512E8FA8F72A64ACD8AFBB
2EBCB0E128A6314C30472AB92BA5AD8AADC62FDAB00D342DA3492D392A7A2CBE224AAB6CB035B20CA97EB0DD19A92D20AF069D1EB05F28A6A87C2E1CAF0D2BA22CEBADB8277E2E86AEBFB08EA82FB0861CC42AB2B03433DCA892A4D52E0CAC7D
9783B1E32A033534B4862C24AA3A283330C52B80A995310B2BBEAD5FB0E22E1AADB820DE2A3DAA0FAD862B073017B100B3DE347F2FAE2C06B1703024ADB82EFE2B3E326C2F3FA49CA5C5AC99B01C316719872C40A8AFACB62467B234AA61349E
AC4BAFFAAD23B16BAE1FAE45AD8CAEB9AD272EADACEDABF93335B3B03164AE69ACC6AD66B0C4A0DE3130B41E2FC632D0B3F1AE67ACC8B14421DEB02729A330922B0D2B22AD26243A2FCB36112D90A456AE672EA5A9692C4730B232762FCEB070
0000000000000000000000000000000000000000000024B400000000000000000000000000000000000000000000ADCA000000000000000000000000000000000000000000009AA300000000000000000000000000000000000000000000B349
000000000000000000000000000000000000000000000000000000000000000000000000000000000000000000000000000000000000000000000000000000000000000000000000000000000000000000000000000000000000000000000000
000000000000000000000000000000000000000000000000000000000000000000000000000000000000000000000000000000000000000000000000000000000000000000000000000000000000000000000000000000000000000000000000
AF672DA6B2F93358AED5B4A02E722FACAF86ADE1AD5323AA344031D9ADE1AE432E142BB3317F2BB3AC23AF422E11AF11AD9C2EA9AFE32F8BA6D7284EB0BA359B2D24ACF12E0126A594BBB32A2C45B45329562DFC9EDFAF4132B32BF8AAD52BE3
30FDB10CAA11A9FE2C8133763161AECDB153A573A0CA308FB0671CE1A9DF2C922EF0A994A60AB0982F5C2D912E992A90B1992E38333AACCA325A2DE521113376B035286B336B2FFAAE32B14D31BB3039989B2F1631762C05ADE4B1FBAFA8AEE7
2F93AF4BA55E2A1734EF25B3157C2E832EB89C35B0B825C8177D26C22C40304C299627A9ABB02F912849B1242BE42EAAB015B266253DAF3B27B7B1362B2F2854B2532BC72EFA2B8A2DCAAFC52CE63095AD022CB12C26B092AF57A329AD7DB1A3
AEABA3A0A5862991AFFAAA6A3025B09E31E32D10AE111F092EE1AFEDACA63112ADA02E92B00D2D2EB11EB420B156A6453037A7EE2C16AA7E3402A530316821F528DE1CE32D28AB842FC2276CB2C729A625402E30AA22A448324CAF83B3A9B036
2F34AC9E28552EFBABB6237AAFDDAD361D2F3364277131B434212EB8B2D932879E1EAAA836B31197AECFACBFB0D0246E306A253DB17EAB052049268FA8AD32282542B144AEDC27FBB172AE22294CB188306F322025799F33AA04AC932126A8D0
AE77B08E2348329B25BC2F66B11F2E98A8502D2830ACA17FAEADAF4034C32FFB2C8CA45C186A29142EFFAE5A1759B015220E2C2822592E7133B8AF692CD828912845AC32AD45B16D2D9FB0CCAB4533BB3136A3F7B385AF3B2B5D33DF2E1CAEF6
000000000000000000000000000000000000000000002B4C000000000000000000000000000000000000000000002D410000000000000000000000000000000000000000000030D2000000000000000000000000000000000000000000002487
000000000000000000000000000000000000000000000000000000000000000000000000000000000000000000000000000000000000000000000000000000000000000000000000000000000000000000000000000000000000000000000000
000000000000000000000000000000000000000000000000000000000000000000000000000000000000000000000000000000000000000000000000000000000000000000000000000000000000000000000000000000000000000000000000
2BDEA940A101B07DB3BDB0FFAD801DAF2F4FAE229C172E9F2C7D30C32D9BAFDAB0942D70AF16A73CB420263A30A5B32F3371A82CA94C35B7ADC72BCAAA7526B4AEE92B02AE3F2DD5B1532401B338A9B0AEB8A9FBAAB5ABDBAEC2B09E2D88ABCF
28302D14AB0EB13532B42E2C2D5CAE95B02322BD301A2A9C2AAE196F27FF1DDBB63930C7277A9E7EAD272FE0AAD9ACBE3036303C2712B42FA5B12E62A83124B83386AC0BAFF1A2DEAD84ABACABD42584B0CA2EDB30ECAA9D3013AF4F2DF9B2F0
A973948AB4C3A86BB1D5A50F2BE72F21A8D2B08F27E83001AD531C9430482CD39ABC34ED315433332CD0AAA3A8B42E3BA065218C32822FF731652F432E1AAC77AE532C220DD72E06B264B0092A1527DCB165B19CB391B4AD3131ACF8AED42FFF
2B3530FC28AFAA262FE7AEAC2101AAA2ABCDA53BAD36AF0935FCADB7288DAC41A8A9B2DEAE6AA9BD962D2C22AB92305EAF6E243E310D309B9A8A2FB7A4A931CEAC77175E20A1AC7F30CC2BFD32092DAD3086AF832B4D2BE5A5E6ADA39BF233AA
9DF0AA2E2EC4ACD9AA4C2DF9311EB0932FEF221CAAFC2B6CA64D2DDF25ABA4F0281D2C41B415A0E3AE30B27AADB62DFDB51CB24930C12DC82383B367279C274D2BF2B0579E79B226B34C318A309633BD1C501EFE2A0AAC87A4952F252CD2A575
B3B4AC3FB320ACA62869A97BB13E2E29A05EAF2EB087B0FCAFAF29552CCEB1612C61AD84A19EAFEB310BAC09A55FB1732707AF73B04630362C7EAD20AA79ACE82F2B25310AEEADEA2FA42E8A297A3463A8B5AED72F47318832E1AC75A83CAE46
00000000000000000000000000000000000000000000B73300000000000000000000000000000000000000000000271D00000000000000000000000000000000000000000000B02A00000000000000000000000000000000000000000000A9AD
000000000000000000000000000000000000000000000000000000000000000000000000000000000000000000000000000000000000000000000000000000000000000000000000000000000000000000000000000000000000000000000000
000000000000000000000000000000000000000000000000000000000000000000000000000000000000000000000000000000000000000000000000000000000000000000000000000000000000000000000000000000000000000000000000
A8212CB1AE959EECB0B62E742342AF4BB1E3AE11ACE6AAB5343135032FB52DA7B32C2FD82E3525363324B0691DAAA822AD482EF92E7EB33BA85F30D7A26F32EF2462A6EB2B292BFA2D9425C3ADA4AEAE31942EE430D0B18A31B1ABD61F94312C
23102D40B343A0BC33ACA8DEACA931D72960A96F2A362A5DB05D2C062F862BC8B10430A8A247292131B1B045ABB1B05AAF23B1AF9155B0183094A52BACFA2CA4A80F2C0530571C6134E730652939888BAF76318EAB2CAEACAB2EAB462CCD8F00
2F1D30DE2F1533EB268C1D5830B7A4892F97AE3FAA4220032B1FAE7229942DE7AFB8AE6DA375AE44A537AA19A5BCA46CB1149746320C2EF73033AC1D2DEC2C103008B09F2916B10A3179A79831A0AFA132F4B22CB0392966A97F2CF42F942B7F
2C50348FA4E4A23C32EFB0DA340D28AEAA0DB1AA2612B26C2D90A86228F6A916B01B97FF327327122DA2B06BB24DAABD2C47AF7A319AADADB1F82F1A2CF0B02BB1E02A10AF9AB3D3320B2934B206B1FB2CE3B2412FA6B233B3C428892F00A957
A11B2C49ACFF299C30182F98AC8A2979AF1D2A23A8F62F372EDAAF2E2B97AFFCA57A2E0BB0D2B5AB304E2E59B1D22D4FB32630A9331AA601B0E0A6C1AC3F2D2DB3CD339A9F9BACB5A5ECA8D030EC2F5A26093011308A2F902B54272E9EA4B18C
2765B4812E4DB05BB33817372DD5AA8D319830EEB05A290832C2AB59B0C9AD22AA24AC662E623054AD8EACA8A34B2E87288D2A812967A57C9B692E60255624A2AFF7AD14338CACA42FD1AD67B097249B2EBAB0F730162E6426E99D812FE82649
00000000000000000000000000000000000000000000ABE000000000000000000000000000000000000000000000315F00000000000000000000000000000000000000000000B300000000000000000000000000000000000000000000001D24
000000000000000000000000000000000000000000000000000000000000000000000000000000000000000000000000000000000000000000000000000000000000000000000000000000000000000000000000000000000000000000000000
000000000000000000000000000000000000000000000000000000000000000000000000000000000000000000000000000000000000000000000000000000000000000000000000000000000000000000000000000000000000000000000000
2EC02C30B05C2F2FA7B33502ACB6AFBEAB1C2C88B109AF6330B529D536BC2B242678AF652D1C3285AAB82EFB2E02B146A91E310B95992D41ACABB062B052A766A3F318F8A8722BB7AD362F252682A013AB9DAF48AB8DB32B2B482437ACF92B5B
A096ACAFA7562E7C2CDAADB52DD731D5A3C1AF8DA5BE31B52DAEACBBAF6E32049DCDA1FBA4B8B1E92997308F2A4CAE31B033B0633197A40FA74C287B2D3BB3B8A928317DACBB32309C7BAF26AF35A8033419ABEDAD4BA6DCAE97AF3828192838
2BA22474ADBAADD9A00630A631052FB732EF324C282A2966B1C8305E23732E41A834AF19AA952DDEB0171AB028EAAE36A622AA24AADA36A02DFFA75AB0FDB38CAD10AE15AC422F94AF19335DB0199E092D4130EEA8EAB130B121A80B2E602CDF
2DD4A7A8AEC5B0232A4A9BB6B00030C3344B2EC6AAE1324B34AE24AC29882DDF31793041254FAB48378B245533E22AA6AFA4ACAAABDAAC0CA275B1AC265FAEDA286433C33214AE1DA55FAF6C1977B5FCACDEB0A92C1D2DAD3217B0CBA825A7F9
2B61AF65ACA4AE1FB482A9EA335B1F73256130D59FEBB4CAAD872CFB27C8A7762F412D5A327B2B6FB26AAF1A1E5430E02E1429A8ACA2A8DFAA5722CF2C83B008B1D6ADBB2116B573A84CA82733D7334DA83D2D4BAAC9A7EB2442B17A27D1ADEC
2FD4A9072AB32A692B6B330B2FBF2EA09DA5AC9C297BB3363264A9EFADEDAA612D342F71B2A42DCDA847298530AE9CC7AAD8AE202605B1DCA9261D173471B12594162CBBA9ABAD0D30262AF5A6472C872DA7AD67AF96AE152EEBB4932F4DAC0D
00000000000000000000000000000000000000000000AED500000000000000000000000000000000000000000000AC4D00000000000000000000000000000000000000000000AFDB00000000000000000000000000000000000000000000349B
000000000000000000000000000000000000000000000000000000000000000000000000000000000000000000000000000000000000000000000000000000000000000000000000000000000000000000000000000000000000000000000000
000000000000000000000000000000000000000000000000000000000000000000000000000000000000000000000000000000000000000000000000000000000000000000000000000000000000000000000000000000000000000000000000
A9AA2EF5B291327B2C362E34A815B2832BAD2DF62CB6A877B0122C192DB3A3453397B1C6B19227952A5E9CC7228CADC02D37324D2CACAC87ACAA9E412D652AEC2C252E55300C2E052AD827A22760A94FB16C358A28B8A8B3A8FF2555A1AFAC2A
32B3A65A335CA722A952AF649F6A310D2591AC7CAEB72E051F402A3F1F0EB0C3A8B5A990278DA36F368231B4B0BB2C59309BA652AE512E332BB2A45CB075260DAF63AEE18AA2ABC2AE84AE95AD20AD0CABD42C6C2BDCA141AD33B157B0A11CB1
2CA032E5ADA2A603A6A1305EA422AFA3B20019E4316017B4A9E529D131FC22372AAB328B2FB5ACB822A0A448B264B0C430F9AC8A2A66322CB11429CCAAF2ADA923192F0AA9BBA9071D61330E3456AD08ACF19C0DB1BB28B8ABE1AC2AB1CB1F81
2DA7B0C52D2E30132288A38D31D6B453AA7CAEF0A8BB9B4AA81CA86EB4E0A4BB33CA22142742962CA388B1B8ADC02F1FA0DBADD8316BB01434A6345EAE11B171A97B2F18A99C2CB3B45DB003A9BC33E4A76FB012335CB1B22B2EADB32B8A27C4
312D314E2696AA7CAB34A4632A18AF43B560AA8DA3A721E931EF2F9EAFF1ADEF2D272D87B20A27202E4E2D262B46A6522813B03015739C2031E62286B0F330292FB0AC362AD5B4C7B13DAABCAE99B3F9A994AD08AD1A2EA5330CAF7030E030F2
A31D345CAE5D308E2C222D65B342A247A848230CAD5F2E152A1CAA6B9B0CA3BA2850AC80A6843067B325B001336DB26AB1A22D323043307BB2F729C8B50932DEAF161D2AAC33AF22B2DDA9C932CF2AFE2A19AB58315C2686AC31AD1530CB2CBD
00000000000000000000000000000000000000000000B07000000000000000000000000000000000000000000000B109000000000000000000000000000000000000000000002BC200000000000000000000000000000000000000000000B0FD
000000000000000000000000000000000000000000000000000000000000000000000000000000000000000000000000000000000000000000000000000000000000000000000000000000000000000000000000000000000000000000000000
000000000000000000000000000000000000000000000000000000000000000000000000000000000000000000000000000000000000000000000000000000000000000000000000000000000000000000000000000000000000000000000000
AD2FA78530C6B1EB26F3AB57A8EF319E278724F32F07B0D6B0879C62B3CC2E4DA32F311C3033B0B418D6293C305EA26AAD75B1D12E5929231E712B1032A92C7DAD1530C3ADAC301D2A3F2D77AFDE166D1EC3AFE533432E91336127DAAD3D2549
35CEAD0DADF0B22C2D13324FAD742D032CB5A81F32D92CBBAE252E842F24B2B130AD2BF3A53AB162AFF8AF36AC33244D9C862B94AFB1B02C20C6313C32C82E81A7DCAFCCA76720079D312BFAB0972C5831BDAAB8286E2F602FCCB15F2929AE02
AF6F2B8EAA392E33AD3529A8ACE8AC212D07307228D32963B48C22DF2401A748300DB11132C6AC812D97AB11B06030DC21B32F222DCD31DDABF02964A3BD23EBA8ECAC582EAA2A5A3068B3432E23299BB0A53363B03632342C522826ADF19756
2EA0A9222D1921F6A60E2E7DA44AAC91A961B41220E421DC2CD4AA9D261D2AF7AADF3081AE6AB1C0270AB1172A8B32302CE4B53DB136AD3A345BAEC1A87930702D74AA842D20A885AB16B31B2EBFADC8A8A4B2B62C86AA5F2CF5AAA81FD3336D
2598AF69AAB4B0F99D4731A8A037B42B2EF12D2A3074B02130032CBA32D9223034AA256926D7A9B62D9725242D3CACF132C6AD882B8C9D1B300AAC673475B33AB01D34EEAB9D9972B10F30842F912FB527CC30C418FA2A6AABBFAFD33302AD08
B089213530C8A1B335D033523358B01230F5A05BB08C2E46AA61255DA8D6B47BAAC2332524F8A9FA8D90309A292FAB63ADD4353FB0E62877B113B40AB0B4B2B2A863A8842EF2A8E0A510283BB658AF1B2A812DC0324FB097AC24A0A6AC092DA7
000000000000000000000000000000000000000000002BF90000000000000000000000000000000000000000000030140000000000000000000000000000000000000000000031F00000000000000000000000000000000000000000000096FC
000000000000000000000000000000000000000000000000000000000000000000000000000000000000000000000000000000000000000000000000000000000000000000000000000000000000000000000000000000000000000000000000
000000000000000000000000000000000000000000000000000000000000000000000000000000000000000000000000000000000000000000000000000000000000000000000000000000000000000000000000000000000000000000000000
2498B037314A315F1E17ACF0AF24B1D222A82E5E31331CACB3F4307E33FF2C5130A63015ABE12A0BAC4FAE612E53B1D0197CACEF241BB227B169A7A62942A9ECAE9FB02BADA6223C3023AE53A5FDAE18ACC9A95828FA2B6EA474165BAE0B2C0F
ACE6B1C2B36FAD2C282B1860A7F834802F15AC201B8131FEA1E12FC331C127833464300F2968A0C632762ED1ACAFAE6531F02B3F2ADB28F2AF12AC432F73303D25DE2B1E32A518B6188634C5B40825BC2FEDACE2B1489C342649149FADA12207
27EAB60F2D2E2D2CAC9829C3B08625D7B19730F7AC50A65CA8FD2B47B005ADAC2DCAACBEB4C428AD3202B064AA40A841B329B15CAC4330A3326D22C11FD6ADB0AFBDB205B365A7022503B34BAFAE85B4195EB1EA3330B434AFDAAE3E2B49AC92
245A34491F7F2CD3B2F3135A2C54B007A1981C292FEE2F922C58B2CA1AFEAF5DB1C3B0EAAF6CAC6BA3E8A6BCB2DD3046B141A994A43FB1462C473273311F201B2ADBABCAB40133573212B362AD683020B321B28B2F9EA6B112652FF0A2542E5B
346AA40834A6A03516679F0133C82E552D0DA661AFDE2661AD63B173A4D1AF2331419E0526742C712908AA3FB0222C258C77B465B1E9268EA19F2F5A32253394B064A89DAC0C2E269EE12B4FAEF3B1DFA2F2A8CFA8372D4C2E5D2D643383A938
AC062C36333EB0872D93216BAC022A6825C427A62E99AED9A2DFAF612F972505AFFEB1C7B007B09929272C5DAD202E491D692D55A650B2121D1F29E12C3831729EE2A10A1D2134862E8C2E8C31DA2E1FAC0520641DCDB17D3086A49630952503
00000000000000000000000000000000000000000000AEAA00000000000000000000000000000000000000000000AFBF00000000000000000000000000000000000000000000AF8300000000000000000000000000000000000000000000AF3B
000000000000000000000000000000000000000000000000000000000000000000000000000000000000000000000000000000000000000000000000000000000000000000000000000000000000000000000000000000000000000000000000
000000000000000000000000000000000000000000000000000000000000000000000000000000000000000000000000000000000000000000000000000000000000000000000000000000000000000000000000000000000000000000000000
2E00B474B00EAEF3B1A1AA3F30BE29B3A7B629362BE5A40FA763ADB8B1AFAA492F6726CDB3AB35B62C723015ABC2A6BA28FB353D2C5AB501324CAFF63199283FAEE9B0FCADF4B362B2FAAA8FAEBB2E33B0DBAD9CACC0B3D8AC9DADBDAC422ADC
31D82B2028702A292A1C1BACAE8E2ED5A998306FAFF6286DAC5A34A0A64FAC90B0F0B3F9A513AE0FAFC63053AFDBAADC2A6133EF0E69AA29ACCDAF412FB0A22DAECA9E7AA88528FFB16A30EC2D9931252A01349EB852AC8F280BB377282EADE5
B3C122ED2CE53044B341AECCAC9C2AA7A40D30BE2D31297A309A2EB3A7BE3686AA9CA996B09F3151AD952F25ACF1AD36AB95299033F2B0D3AD0B29E4A77DB32FAD6C2C5FAEC62CF926372CE82F08ADB1B0543018B027A405AFA5AD26A4253282
B12DB1D8ABDFB19726629D7720EF2C73ACC32D4830B73186250C3090AE32AC8CB13B30902631AD2A2E3AB0C52EA23034B4172DE01D282DDFAC822B182EEE2D8026552CE0ADC1A4B72E3FAA5F301F25F8286A2C29A365AA74A884ADE02BEB2D5C
2CEC2DD93086283BAF0DADFAABA2B117ACA1B164B00C2E02AC04B29B336D23D9AE39303223C12AE72B98A945A2F62C5C2B93AD2731399FEBB0C52674A4912AAD266429652ADF31872B4EB3FBADB0296AB52DA9B6248431BBA80B34892F5E9E03
2FE1B51F2F922AC02F0926CAB139AB9EB37F2C942C08AA5E288C2D22ADFD2D0FB073A047B01A9D07A889AA5F2FC02A3A2E2CA7853057A2062C96310DA103B3902C2A2AACB1BEB3662113A56DB065AABFA570A8392D0AA95B138730BFA274B0F0
00000000000000000000000000000000000000000000AA8B0000000000000000000000000000000000000000000029BB00000000000000000000000000000000000000000000B00D00000000000000000000000000000000000000000000A18E
000000000000000000000000000000000000000000000000000000000000000000000000000000000000000000000000000000000000000000000000000000000000000000000000000000000000000000000000000000000000000000000000
000000000000000000000000000000000000000000000000000000000000000000000000000000000000000000000000000000000000000000000000000000000000000000000000000000000000000000000000000000000000000000000000
AD2B296AAA0D20E3A95BB220AAEFAE5FB104ADAD299C283CA65FA32E2A659E382D01291C348A2905A9E72F7BA42AAA8CAE822A9DAD1D28F1304925D52C08204834052F4EB11A2C17B2BAAE322887B16BAC4E2E3F2F42301A1EC1AD3620C3318A
27B7A8F92ADEAC3DA895AF5DAE6D2F8DB0D43075AC6030602E07B1953231A9512E562A08AA35B11DB1E729DD2EA9ADD831742578AFE7B0F8A961B0F2B219A827B4559C98A8CF2E2B3162269F2FBE28542E80AF2725B8A018300430232E4DAD8F
2C262C65B02028242A96AFE825D132C3B580AF932CC42D802959B19EAEF2280B2FFE2BCBB183B009AAB828B12C49308BAFD02AF62E7EA49DAD023005B191AA82A748211725E72A7E31E8290F30FCB05231362E96305CAFEDB0612E75A80E276E
AD67B1DF31CE3361AEADB0B3B17929E9988CB0E2AE3F2CB73209337E286AAA2EAA79B1123076352AADA0B52E2BF8326A2FF11C361C9B9D65B33A2E86323033B530EA33CCACD82F19303927A630A7ADC1253A3032AA13AC9A34532CE82D2D273B
AAC1AD19A49122EE32AE2EC0A04CABBF267A29D82E41AF618D9E2E61AC77AF3EAE72B12AB2C4AAEB2927A5E8AD01B062A81621B1ABCDAD463453AE2DAE95A83AAE62320FB36A24132B5530C4A63C2F57B424237332D2B3C42EC6B30BA9CF2520
3075B17D9D7B25B1B157994C35653279B02BA38F2A56B400A2D43252AB0021B7B0B6A1EDAF51AC84AE9624FE2BCA23CDB115AFA5A873A1D92D2DB09D2F762F012E8D2A122448AAAEB1EC2B5B2DC92EDCB480B2ED31C8286E2C122FD0300EAC66
00000000000000000000000000000000000000000000AD3F00000000000000000000000000000000000000000000AE6700000000000000000000000000000000000000000000AD550000000000000000000000000000000000000000000029F9
000000000000000000000000000000000000000000000000000000000000000000000000000000000000000000000000000000000000000000000000000000000000000000000000000000000000000000000000000000000000000000000000
000000000000000000000000000000000000000000000000000000000000000000000000000000000000000000000000000000000000000000000000000000000000000000000000000000000000000000000000000000000000000000000000
208D24552FC2B05DAEBCA419AAC52C3DB41D27C7A9972B06AEE32856AE98B1182B662B23B32CA933ADD3A69EB00A3143AE762240B47B2D7F9F701E7619BB31D2AB452CBE2E91309CA54625A1AE012E8B33E33030AE5BAC67AE6028BCB020AD01
25BAA9E62D4C2FA630CCB168B0CF2A67B1971E812C4B274E308AA8392C7131B9AD0B2FA9AC8233C7AC12AFECAD46AB7B2519B1F3B1D9279030032BA4A6A8AFA72C7EB1372D8AA9B62EBDA05DAF79A51930E5A5152D9DAC6BAAD2AE5BAE4E2D19
2824AB323140AB27A7F1248E26D1A9B1301EA82F2EB2AC8C2751AA8B297A2D8DA51FAADFAA75185C2FA5A945AD6E2EEC34BC241F2EDB98C31D5BAE8630D8B461AD8A9E132A5E3130AE9BB26A2BC22EDCB0782E6EB30CB233AD7B2E66AB7E9C52
AE062990B4F23029AD991FCAA71AB11BAED5AD19300F29752D26B05B2486306DB30229F02ECF31D53472A68C3490B37AA2E2ADA82B621C16AB359D4EB66D30453079A40CA6572DE930F8B17F2FCFB1F130E028CBB2653009A9DD265FB103B1A1
23AEB088AEC832B131A8A8DFA496B443A130B1CDB353246D2EBB2B83AB6B3614301A28BC2A062A7F33C521ED2EF6B26A2ECAA81F31B6B2ACA8722F692359302EAED5A956AE742D7933A326552855B27AA1F7A967A5591CE1318EAFCF2B6333E8
30B93322B5A3298D2E2C1F9D25132C0C31C22E722FBCAA24A623AC81A9A9AF8E9FEB9799B26FAB4EB1C3B1E3AC7E2E5C2F3F2DCDAB5BB27C331FB421B05A3286B0A92B9BB0732C61A811A859B5DD2E23AC162CEC29B022E32BEE2C60365231E0
00000000000000000000000000000000000000000000AC1500000000000000000000000000000000000000000000B27300000000000000000000000000000000000000000000AA35000000000000000000000000000000000000000000002A1C
000000000000000000000000000000000000000000000000000000000000000000000000000000000000000000000000000000000000000000000000000000000000000000000000000000000000000000000000000000000000000000000000
000000000000000000000000000000000000000000000000000000000000000000000000000000000000000000000000000000000000000000000000000000000000000000000000000000000000000000000000000000000000000000000000
2CB926C4321B15E82D24B28BAC89AECC9E01203DB04C25ADAE12B42FA7002D1629FF1186351BA0CB29D93175AE5525501A51A783B31FAA9BAF24B43BACFC31F7312B2CA42DE7220BB460AEC5AD462F86AACDA03B9E0329A5B26FAD97314B300B
348F304CAD3D31201F0FA1F730A22E18ADFA30652B28AD4227A332EE2E9E2F5AB254AF473185A65DA43E2D902A82ADD833DFA0F2A4BE2D71288FA95FB396A5BFB2272C5630FD21E8AD91ABEF2EEBA58425FEAE24AB7A26723091AD2EB019AF06
AE89AED0289631F52BB12B4624950A20B109AFE1B0BF3073295F2A80AED8A3AEAE662F2FAAFE2C4131E9AD5F25C6AADF2F85ADDA262EB0B0A45C33D3301E2A8BB298B0572EB2313226E7A98D9E12B0F0245234CD31C2B07B2FD02D142A502C7D
2C472A3E2C9732A0B07E2D29B137A16B2B2F33EAA7B7B331AD81254EA886223EB401B181B232A674AC60B1C21F10321525CDAEA8960228722FFA2E65AC35ACE6AD0FAA4C2B10306AAFAF289CA8A92411A0903418A6992D4AB24031893315AD5D
311B2FCF29E4AE97321322AD3062AF293436ADCFA983AD1624D2294E2FEEAF41AB97AE192D18AEF32567317CAB49B21C2955B0AAA859AE829949B4FF3116310A24AF2D5228DFACA725C7B39DAB902F2BB07C33842A4FA4D7149BB1FE2851B0EB
99C22DAE33A5249F251CB0452CC8B1962BB1321A2BCD31A131AB302FAC5C2FC69015B28FB100278830E4B3A22CC12D2CB1A82BEF32B52CA8B0D12F1F2B89302C331F1FB19D342E01AC6D32F4B038AEFF323EAC44A8A91E04294F9803284631DC
00000000000000000000000000000000000000000000252E000000000000000000000000000000000000000000002F2200000000000000000000000000000000000000000000B0850000000000000000000000000000000000000000000031B9
000000000000000000000000000000000000000000000000000000000000000000000000000000000000000000000000000000000000000000000000000000000000000000000000000000000000000000000000000000000000000000000000
000000000000000000000000000000000000000000000000000000000000000000000000000000000000000000000000000000000000000000000000000000000000000000000000000000000000000000000000000000000000000000000000
B00CB3D4A6DCAE65AC623243AE7FAACFB09CB18CAFDAADA63053A700B142B142AF51A8E0A633B1EFB0692812B108AEE730A02847B156AE1B25082F0F2D0825B534F8AFD3B1DD2EE6AF07ACBAA4312F42210FAB45AC4AB373A408AD75B16725A1
2FDF288FAD4CAD5A30A724C12EE329C9B1BAA8CE2B5129433116A871B04AB2F1AE472EFC94562AE72D0DAEA4AF372613AD2C2F232C872A4E3110272B29A09A6FB109305FA9A22C652FA32CE4B674248B2E3034C0B160343EA63D227A21C22EF0
2948B370AB2FABE1AF08A82A1B49298FAB282DF0A6802CFB2BF92E4A2EC02B96ABEBAE4F33432604A396AE4F2631AD0D24F1A882314B312CB236AA45B0AFA9AB2523A7ED9FC5AF7DB2153116AA8A28962E99A83FAF9AADCC31A8AE1AAF3A27F0
3504A5BE271134A03487AB9B2BE7AA97A96DB35EACD6A2FAB2132FAB247C949C2D612AE7B02034FA2A9BB289B36031F0ADB7A23F30A4AA042B58334DA9B6A2F1A80E286D1BF82DBCA497B0D92C3931672903A43034372A6227132C3B2425241E
2D152440301C23CEB077A27B22CCA66630759BD3AA5DA18330242E7EAC48AF8A307F32E6308C2E402EA024412E8029EA2E332799B0EA2B98A6ACAF0AB150B134301AB16C2C0DAD41B27D0E312E12B2E3AF88A8C330A4AED5B01FAD4D241AB078
B068311BB454A40C260FAC712C63B1ABAF67B43326E52E62B0449F9F33A9AC74321CAAEFAFC1A99F2B7CAF8EB52D2BDBAA5431EDB46128AD2AE1AEF130FCAC7F3308AA3AB1A5B43CAC242C65AA2EABF5ADE8A5E6AD562C52314A2C33ACA5B2C0
00000000000000000000000000000000000000000000B082000000000000000000000000000000000000000000002D8C0000000000000000000000000000000000000000000032CE000000000000000000000000000000000000000000003041
000000000000000000000000000000000000000000000000000000000000000000000000000000000000000000000000000000000000000000000000000000000000000000000000000000000000000000000000000000000000000000000000
000000000000000000000000000000000000000000000000000000000000000000000000000000000000000000000000000000000000000000000000000000000000000000000000000000000000000000000000000000000000000000000000
AE6F258932132C1F2FC9B092A805A0F2A5E0AF95AD5D332BB1292D2F23A6AF1B2953AA1C2CA93173A1062775291DAB46A92332C9AE00B41FAF7AAC6C2095AAD5B48AAC27286F3107B1D1ACF61CE2B4D1B46E9C032E492F7F2C332E5B2F9729C5
A9263059A749AEA1B00EAF8CB115B062A926AF8C29E2AEE79ABFB107B26D24B1B029280630B9AC1EB3FB3449AF232B94AE56AEA7B3CEACFFAF6AAF6A318B291728329A7B31F6A71529B42BFEA8552D572DDEA42B229696B7256426742D4A2AC1
22A0A71CAC4FB23F33762F4D30F0AC64B3C3AE0FAE7DA6FAA687318A32B12CCCB09D324EA9F02E20B2F82ADC2C2AAD0C29DD9E58A470A4E926792D2AB1E9A2BD32EFB0032CC5A421A35C317AB313346030E9A3F72DD0A93319FFABF3A6FC2BE7
27EEB252354BAFE4A8CF2F80B06B2D712AE6ADEFB25832972E1D2D2F3133A349B02C27713235ACD5B34AA803AF1F9676B3B8251A2FA0ADBD2CD73319AE1AAAB2B1AAAF17317524B02068B2142F0822082E043238AD32AD782EC7ACEB30F2A708
2BF235312FBE31592BC62CF5312BB1EAB2FD2F8EAD07247328E32EECA37D2C3CAE0BAF54AABB3153B447AAEE2F43B154218F2F2221002CE62920B19EA5E4B01B30962639B1B1AB492D30ABBC2AA2B523AFE93037B19D2C92B4379D942F66024B
A68D29AEB193B1F824622D1034FFAC472AD1A926AA639CDDA812B10A2AA8B343327BB1F7AF490CCBB181AF5CA6EA268D2E4AAE6F99E12E5EB333A87E2B2930B6B05DAA772E5DB02C2CAD281334BD30E631C194733388B1DFB1D02040A9EE21FB
000000000000000000000000000000000000000000001C9000000000000000000000000000000000000000000000A4C600000000000000000000000000000000000000000000B21800000000000000000000000000000000000000000000256C
000000000000000000000000000000000000000000000000000000000000000000000000000000000000000000000000000000000000000000000000000000000000000000000000000000000000000000000000000000000000000000000000
000000000000000000000000000000000000000000000000000000000000000000000000000000000000000000000000000000000000000000000000000000000000000000000000000000000000000000000000000000000000000000000000
AC7BB07A2C81B3063017AC4025EDB01732512580AE05A257AC2931DDA8E0A48732C9AE21B014ACE23125AFA028ABAA043475AD3CAD08300AA0DAB467ACE9AD85AFEFB156AF49AE1C3062AF4A27422F6132A52431AF64AC2AB41EABBF2F772FBF
AF8F24ADB1B9AA232F6D2C2DA035B0D92957B25F2FA1AF1AAF5F230732D6AA84AC61A7602A0E2B399E01A4732904AC742DC3A88B2AADA85F2583AEE42DC8ACB42EE1A83DAE042D46B3603230B1A8AFC1B0802D7BAA7AB1ABA41F2ACEAF5FA8D5
3088ADE72E622CDAA9C030D92A14A473A987B09CAEA0AD75B345AC38B3F6B1C0B185AD652D6A2E281B02A83BA506A4672CE3AD6AAE8B345CAD63A6CC2C7E294FADC927D62C379AF731C92EE331BB25381FA4AC0CAC6C33C6A9E2A26DAB31A76D
B0112EF1AE68340D2A26AD8CA69EAEA62E982D542C4B327CADB5ABBD3152323C29942C8329742E6928FEB15B30FEAE6F3223B4973097AC55A09D2EA8ADFC23962DB72C0935BA34852E2B2E5532BD9CDBAC142C82B0EBAD0BAC422DC4A6FBB0FA
2D5AB52730371C9933D032732C0FAF46AFD9302E1D3DB1F03094AB233057B01EAD339966ACD130DBA57DB012B3A9A889AC4D29EAB07FACD9B1A8A20F28ABAF0BA6A1A6471C612B10247BABDFB150B19CB49FA7E7AD29271BADC4313131C32475
B22FA136AD11A0EC24A0A43517EC2E38B21130A0A9A8B3C4A2FEA98CAC9B255EA523B42AB19B30B9247E3378B4DE2E49B2C9B176B0C1B25928B2A604B45728FEB0EF1CA92C08A0C9B0812E0F2ED23355A655A37732DE2D5D2B462BA1AC0C9CEF
00000000000000000000000000000000000000000000B02D00000000000000000000000000000000000000000000B150000000000000000000000000000000000000000000009EFA00000000000000000000000000000000000000000000AD5B
000000000000000000000000000000000000000000000000000000000000000000000000000000000000000000000000000000000000000000000000000000000000000000000000000000000000000000000000000000000000000000000000
000000000000000000000000000000000000000000000000000000000000000000000000000000000000000000000000000000000000000000000000000000000000000000000000000000000000000000000000000000000000000000000000
B02AA65E315F2BE230A12B5B334AA3F6A878AC9929283062A72FB10CAF1D306D30502B0E2AAC35A827E8302E24DB2D90A8082DCA25A89FD82EC1AA49B0259DB9ABCC30A4305F98EEAE402ADE2B8CA2E72C362A3EB4B527FF3393AFD52C4D3060
336C30AA29ED2934B05A2D8CAC65293AB40FAF8032A4A74332FBAC702FA1AC2B24B9A8FEA876ACE02EB32E1430B0A99028BAAE382DC7ACFB32D1B0CBAC1E2C7CAD8E9CB0ACD22F22AA51A8D1289D348E9C11AA9334702F1BAF022E91ACBF2442
2C4631F72D2E30C62FD42709317EB040AC323090AEBA2617A81B2C5A23BA24932EB43428AF132C653246AA6615B62EF32E0229822C1EAD503210B00B2CAEB083A983AAA4AFECAC19342E2CF03129A74C2EF4283A2963356A3120ACCBA9EDAA50
9F622D6A318C2B7E33532A6CAE9A2428AE8C205215562C8A3303AD79A88B2CD9A945341598DF28483297AA90B181AC1C3012A99BB3FC2ECB30EEAE18B55B2E732D3F2CE5AEA021ED09C8A59E2BCD1F62207A2DC72986305AAD072EC82B153137
3072ADA6B328289CAA5AA17B2A9A30E49607B491AD9AA3BC327E30162CB128CB2C1430D2B0F99A232DBA3019A143A4E922A03048A6F0AB10AE77AE95B557B0EBAF0EAECFA819B2DCA6CB310A3196AEC0AC712F069B6034B13122AA76B16729AF
2FB9AE3AB23634C8AD6E335FB3F6B00EA9B02CC6303FB1FFA1AD2D3BA829AA50B5A0A416B0FB19FBB0752E57B304A83D2F05A17A2F86AEDC3061B081B00434282FD1AF012DEEB079AC432E9EA71CA9902CCD316A20EB2B0CA8CE9F9530E7ACF8
00000000000000000000000000000000000000000000AEE50000000000000000000000000000000000000000000029FE00000000000000000000000000000000000000000000AAA500000000000000000000000000000000000000000000309A
000000000000000000000000000000000000000000000000000000000000000000000000000000000000000000000000000000000000000000000000000000000000000000000000000000000000000000000000000000000000000000000000
000000000000000000000000000000000000000000000000000000000000000000000000000000000000000000000000000000000000000000000000000000000000000000000000000000000000000000000000000000000000000000000000
AEF431CA25552A9924492D09A3022D48283430719FDEB2D22F442F90B387305F9CA0B1BCAE7FB3002DBC2DA0B190AECEB1FCB0642BBDAE8D29453175A817B0FC29642EC018A63161AF37B213206C30649FD1A0A8ADDF30682F0DAE32AC7230B4
AA70303FB54033E6AC18B631AE0E3044ABC1A41DAC5CACF3275E22E124EE2F26A9A7A90EB216B13FAE392D0DA7362C96B49722722DE6A967AEEAB070AE162BD3B2B82CFBAFA51FB7244D2FAC3119AE1B2B382F4A365F2CB71E4B9F51A020B10E
B3D9281D9A342E6DAC4727ED2548B2102DD8B07B2BB1B1D031C5B452ADD7271C3003AF999E95A965298CAEA5A80B2B8C3204ABA5AC232F65AA032CAD303825F1AEC9ADCE29A0A92128D933542AB3AD03B41B1E7F324CB15216082CF9A401A868
262DA4633262AC283045A44BB4432D5130C02A98B41EA7FAAA87294C28DFA88BA924AC2D2257331FB0680C34AC5DA99F30E926B0A1D31DEAAD942AE521A828402D23B0792D72B03FA95FB3F5AACBB0ED3216B122AC923371AFE223E32844A9BF
AEEFB430332FA7AE2A4327D6AFD628723154AA3A337F2AA22FE2288932E3A7EAACFF320D19882E9AB1D8B12F3632AAE1B171274E2A95AB743041AE8B2EAAB2E79E10B1AB30F12E2B25282BEB2B7D323030D7B01B2908B106ADE4AADB32482FCB
B40995ABB0F02A509EEA246BAEC430E9A3C92AE428AE33842682287CA7719FE4B50AB3FC2628B03BB2B1B08F2CCEAAFE241F2E9831CB27DDB12134F3B20C3014AFECB005B1B51BBCA01B315B2527A5D8B071A86930D827D0B0FF320F21E02960
00000000000000000000000000000000000000000000AB6800000000000000000000000000000000000000000000A8CC0000000000000000000000000000000000000000000031F000000000000000000000000000000000000000000000B04A
000000000000000000000000000000000000000000000000000000000000000000000000000000000000000000000000000000000000000000000000000000000000000000000000000000000000000000000000000000000000000000000000
000000000000000000000000000000000000000000000000000000000000000000000000000000000000000000000000000000000000000000000000000000000000000000000000000000000000000000000000000000000000000000000000
2E0326A4B41B305729AC3077AF6CB19730038FE830A92FDDB0F12C5F2E16A0722DF23168B2F530B93461A36AAF5A2C70B3662C0031D4A566B30CAC7832C22924ACEA2C75AA2C2BAEA69BAF0FAF33AB193249245CB17D2EA32238AB3F2C9B2599
B209B5A6AE1AAAFC2946AF7618E0A76DA682B1E72747AD092EB32F3D2416B354B32EB016A8A72FE62A1932102B51B20EB024B3DDA3152EECB01C9F203061B1AFA194B019314A9F5621482DEFB5492E7A2A112AB720D8AAE49DDCAB252FAC1AAE
AFA8339AB2BC3261AEE02FB53495AB17AE7AAB2DB14DA0C32840A53E2B1C2F771ADBA4D32EE7B1F72D4EB06C28F82C662D4CAF73A91AB1303051B28E2FDD332F2A2D30252ECDA777B1A1AFBBB147ADC8A8FD2E7D2E542E2A2A2A2C01A729A5F7
AC37A6EF2C272E49A00BA9CEADAFB1DDAAE2AE51A8A3AE6AB350A856AF09AF9FAF5A2CC62CC8B0072D232F5AA7CDB2C1AFB5B12AB0152C4DAC81A455302C3075308F1611B0DA2A97A62DA638AD7CB396ACA3AE43B05FAFB09AB532141E3F2E1E
324930AB9FB32F7EA81329D71E70A865A0ED3518A83024812CC02A33B254B187B1DEA93A336C9EA22EC13224267F2C002E0B2A56B2A3ACDDA91CB205A3A4B2EB28952C1E31E998A42FA8A7912D1A3016ACD6A87FAD2124182CB8B0682DE82DA8
26B03091191BA624A943A8D9AD2BAF4F31DA342033E125CDB068A8D79F342E5F302DAFED9DAA2C54AF26B5182804AF2BB3A42D67B0EC287F94D4ACF6B10FB1E12A0632AD2A47AE9531072A662FE5B0A82E752E3DB28DB5071F33AC96B371B0EC
00000000000000000000000000000000000000000000284000000000000000000000000000000000000000000000B0C700000000000000000000000000000000000000000000AB7D00000000000000000000000000000000000000000000B327
000000000000000000000000000000000000000000000000000000000000000000000000000000000000000000000000000000000000000000000000000000000000000000000000000000000000000000000000000000000000000000000000
000000000000000000000000000000000000000000000000000000000000000000000000000000000000000000000000000000000000000000000000000000000000000000000000000000000000000000000000000000000000000000000000
30A0B2C83253AE5FB467359AA13EB32A2D9FB01FADBBB2891B9B3106AFD1AC15ADFC2C4E32AB2D33A5A4AC502AD92A7931D73145B06434302BB630892ADD318FACACB12C2DA82D13B4092D732856205B92922B4FA4E22CD4AD3CAF25957CA8BD
A21AA9922D332B1BB00B2C2DA3BAB129A00FAE202CA8AF55ABFE2A9F2727235C30753121B10BACE7308EA1BDA790AF882CB6A785AA28301EAE6FB079B0532A02AAF0268825A8311228B82D98288EA35DA6FA3043B44DB07CAF1E2A051C13A4F9
B30A2938ACCDA5DBACB632F9AAB5A61028A1AAAAB07BB1BA333E2EBA9E86332F2FAC2C5D2856280E2CAEA4162F54A6A1AC2B2C302899AC57AA66A6FA2B7B2AAEADEFAEC12A222366AC39B23CA10518C7B411B1932595B32A2ED4A61EACD4AC6B
AC02AC81AD2A297E300B2CCAAE8D2D6829713497B124325119CE2D47AE122DE1B25EADD0AD67AC6A2BDBB08DAC191A18AED331F4A64A2E753235ADAD2C4A2B8CAD172D102B0B3168AA28A8F132BA3471B44EAA00AEB02393B3B8A315AD2A3276
2E5B169C31AC2678B2BBB12C214D30BBABE5AF37AD3C3201B1F8326830B02DC4B0C2AE8C337521662A82B463AC9F31AEA2FA2D3C30D3B048B051B0E3310CB4E52CA32C21A994A896A0DE2F0CAF0CA9D6A599AEEAB0C92E5E34703038305428C4
AE82B3132D1F121EA836B191A0872DA09C5AABE4299B261CA974315FB001A4ED30F8B0BE28613089AA99340CB09D20EB29D6ABCB309A333A33B6A81F3112A5DBB68E2A65ACFCB060A79A21AE333FB1729F362EFC2CEE2901B1A82E1D2E15A99D
00000000000000000000000000000000000000000000243900000000000000000000000000000000000000000000B4230000000000000000000000000000000000000000000030E8000000000000000000000000000000000000000000003156
000000000000000000000000000000000000000000000000000000000000000000000000000000000000000000000000000000000000000000000000000000000000000000000000000000000000000000000000000000000000000000000000
000000000000000000000000000000000000000000000000000000000000000000000000000000000000000000000000000000000000000000000000000000000000000000000000000000000000000000000000000000000000000000000000
A4E116A5265CB28CACBDB255300AADF0A8D32CB7AD15B1892B87AFE230923028AD342C82A8502B8025E02F3DB0E616441B15281831DA2D45A8D42755AC2CB112A7909EF7AD5DA963343AB4F52677ADD31CEEB24E2AA62BE5302C2C4A2D352DA6
B18AA813300C2D0D2877AE6AA860AF0A30A2299A2B7C30782432B236AEF420F0309BA0E22AFCB4B8AB4126012ED1AC852C2FA236328E303A34252DAAB0E5B433313C1A1FA7BEA961B133AE1A2362304AA538AD00A66F304FB217A84A2F9DABE1
AEE130692DE1ADBDB091A588307BB3432C6730742C8CB029AFE215BD24DCABE5B2069E9CB364B038AC9F27222D5C28B1B022344A2D5FAC5B336BA6F497A7305F20D8AA85AEE42BBFADF9A49E31C5B4842FDF2422AD89B10C32F1A5FFB003AEF6
315034C42BD3A6F92837B04632BFAD9F3007304C282D2CD4B141A402A288B038AFB2AC5AACCC33F13046B41A2C48B064B1E2AD3631B4A89F2C3619032F24B4EEAF39B2722C5FB0CCA8012C682A7835029F1030F5B122AD8AAC0DAC433003B020
28DC34222DBAB0BCB3F430BB2C53A9CB35062966304EB06F3189AF8632A8B01DB32B2EED309822582938B428AF06B08E28C4A82430392C5F31E5AB57AE3DB03433B3AD5D303FAE25AD8A2C6BAE76A8772CAFAA4C2E3D1F11AD7BA16032923443
29EEAE2F269DAD74B2C32EF32EF6A8C52EBCA9E3AE49AA2F24532C64241122482EA83439A43F2AC02E252577300CAC4EB212215E2D2C26EF2BC8A1F3B271A1CEACCCB23AAA922B6E2FF3AE3CADEC9D7D31A0188FACFCB0831E27AB002821A601
00000000000000000000000000000000000000000000B00C00000000000000000000000000000000000000000000AD4300000000000000000000000000000000000000000000A1B100000000000000000000000000000000000000000000ACC7
000000000000000000000000000000000000000000000000000000000000000000000000000000000000000000000000000000000000000000000000000000000000000000000000000000000000000000000000000000000000000000000000
000000000000000000000000000000000000000000000000000000000000000000000000000000000000000000000000000000000000000000000000000000000000000000000000000000000000000000000000000000000000000000000000
A5F6B122B417211B23BA231532F1AF24A71B2BD92FC2ABDBB00EAD32A8B8AC852D8CB114A191B0AD3085B3D8AD372525B1DEA44FB50AA8212D8CB085A545A7CBAD032D019291AC47305330B4B4152BEDACEB29569A0A2DBEA52731AAA7DD2C48
28C5ACDEA026AE682CA4A16F2F2BACA4B518AED3AD2A3257312EB630200CAF5AB43F299CADF9AEE62DA1AD532BA4B1D1B06C2CFF28DC21682ACDA684AD2AB0DBAFA12C2FAC672E3CAF0432AA30DC2909B2E63377310BB3ADA86AAC7E2038A07E
B0FEB3572970AD1E34671EDC1FC3A440ADFC24402E232672AC5324263126A276A39229B02F09A93A2EB0A5652E0D303425FF2C6F373130AF2841AAC9A35E9E0219C330132ADD30639388A615AF90AE5CA00A31C62D82ACF9319AA4E229602DDC
2C32AD3D32DCB09B2D31AAA12CED282E32A02E012D819C43349EAC562EA6B1D7A777B136B3412B4C2835A8761E79B023B10EB5DAA99F3194A97BAAE62CF12D8C2C012795AAD9A5E02E74A87C2BE82F51A90A259030A2A8F1A13420FCB048AA40
AF2130D3B0BD3483ADDA323A2E2A30442D0C2F7D2DA2AED8B1E1AF5E2F0B050E2B32B08BAD2D227B2C10AD12B2FE28E5AB7AAE802DE02DADB1613081294BB2422C3F2EB2B26F3439B223A0AEA33FB01C3208333EB076B3FAAE28B253B217AF3C
ACB02EE933EF303E2CC8B1ABA5AA3394AD5E30228EA8A8F2B1062E4FA26A2D222A93B13E313BB40BAEDB267EA502B2233087B10E2C1C29DDA73A1F9DA0A6B0332F26AD62A6D92FE9B31124152DE82D152F6B30D4AACF96132D90AE623192AD5A
000000000000000000000000000000000000000000002726000000000000000000000000000000000000000000002FD100000000000000000000000000000000000000000000A69200000000000000000000000000000000000000000000B1E5
000000000000000000000000000000000000000000000000000000000000000000000000000000000000000000000000000000000000000000000000000000000000000000000000000000000000000000000000000000000000000000000000
000000000000000000000000000000000000000000000000000000000000000000000000000000000000000000000000000000000000000000000000000000000000000000000000000000000000000000000000000000000000000000000000
2CE53397A174A7E8B250B3A1AEE3B12E25F92D35313F3069B175A8E72062342AB078B19A17072DCF31822348B1352A0AAFFCAD1CACED313FB083B15EAD94321AADEAACD6ACD1AE24B5052E84A9543293A3F32F68B0E7ACDBA811AA03B13CA834
ADCCAD84A412A0D7ADBF30AA2BD12A16A4A1AB8D2CE62E0326B53220B344B02CAF392FE6A5572795A22A304C24BA2541AC1BAC62AD7DA4C2AB4AA97F2338AE0B30D3ACE4309326A1A5CDA997309AB267AC26B114281CAF84A3272D80B1352943
A2BA33AFAD3EAE49A6C5A4C5B3E5ABBAAE062B39AC8598783288A9582CDCB06DB15AAF9B2E6727692BD8AD11B1F4B12BB42F22F12F22315125BF291D2C632A8BB0662C802B0DB16B2B42232B2D2D2CBB2F60A858B6BDB11A321E2BA4A331AFF0
2E06B11EAB0831A6B09EACC9B12CAADA30992DA9A835301F29DA2F4CA09BA11F2EC92C2DAFB8B4033435AD53309DA8DC9E272F26296930902A24AF852B59261D2F762DA32DC92D862EF830B52F11ACB72E7EB1DF2969B2A3AFF62FD7A98D32D2
308CB034B11E3402B0622DA32F402602AB6DA9E1ABB3B1F82F4D2F44341333E8AE392A42AF4E24C52934AD82A0672C9631A42D5FA452ADC83300ADB4AC1B2DC4ACC3B0EDA4C5353C30AB9D7F2840B1D531A3AF7A305BADDDA84D97182C582C3F
AAA33292A96B3243AB012B93AA4AA2AAB446B0C5B1B02EFEAE74B4AB2D6B2D901B40ACE6ABB3A9132F052B1F2D76A1AC2D0634FEAE152E35ABC3AD5D964E338B2858B3292DC7B24626C6ACD7305B2CEB30CBA7A0ADC8B1BF32013257B1E22D95
000000000000000000000000000000000000000000002E2400000000000000000000000000000000000000000000343900000000000000000000000000000000000000000000290B00000000000000000000000000000000000000000000AE1B
000000000000000000000000000000000000000000000000000000000000000000000000000000000000000000000000000000000000000000000000000000000000000000000000000000000000000000000000000000000000000000000000
000000000000000000000000000000000000000000000000000000000000000000000000000000000000000000000000000000000000000000000000000000000000000000000000000000000000000000000000000000000000000000000000
A8AE28C0150B23FB1C042728AD4731CBAB552C512CAEAD3AACF5B318B12D25E13193B4192F552E2EAE79ABD69CC12F88B00BACB4ACDBA524AC2DB0FEB1212E03B20FAFD3AC87325F2C7AAD3EAF4B97402D392C4B2FA1300F2D0A2EC1A3599F5D
B3CAAC6CAC86A3002155347BA9E8B1A1B48626D2AC10A9A3227BB34D2FA7304BA7C4A8C0A91D2EAD28BFB03C2A6CAFEA956D2C8032B29C0A2DAD13E8AC04B0ECB40F3013ADFCA0E3AAFEAB11ACD8B33C9E51B0CC317630BB2BC52C7DA0BFAEB0
B355A8B3AC4A2AF230CBA1B43116210D2B61AF022ACF2FA1A0EFAD0BB423303BB17FB472AA4430A12956B0BF272EA58CAD5F2CCCA8342D6FAF6126B6AE222F3FB06731E42DA431C2A77EAF882F2BAD053118ACAA2265AFA8B0202EC8B1B9AC45
2E57B14BB369AFE91E69AE0BB22BAB87B012A88A2CA7A904AD64ADF62F4F24AE30DB2E43B016B1B0AF1E3309B5F4B1E9B2D6340FAD1CA9E131122EBEB237279D328F2B3B1616AFB3B510A8642CDD24A89DDAB4AAAD33B4D8AE17256FB1152E3E
2B789C7C28D5B3D82FC93022302B1F24318EA6D42B59B1B92C9A27262D1F3088214F2C1433652295AAB628E4204FA84BB5B83061AA62278820CD2AB22E8B9E39B2DE30F0AF4CAAFDA34126902DA7B2DEB01B24FDAD362A37267FB379A922AAE7
2A5AB332B5021ECBAEB3AC762DF12F6C1964A924B3153023A88AAF912B4589FD2E67326F2D1331F429B2A9DCA704AD77B1F12EAAA90BAD58B327ADA8AF1FB519A67D28791F62A87BB356212FAC2AB27AB4262FE12C42AD54AC4A9B309D34348F
00000000000000000000000000000000000000000000321100000000000000000000000000000000000000000000267F000000000000000000000000000000000000000000002E9600000000000000000000000000000000000000000000314A
000000000000000000000000000000000000000000000000000000000000000000000000000000000000000000000000000000000000000000000000000000000000000000000000000000000000000000000000000000000000000000000000
000000000000000000000000000000000000000000000000000000000000000000000000000000000000000000000000000000000000000000000000000000000000000000000000000000000000000000000000000000000000000000000000
A2F32EFE2FD630ECAC6E2F5733DC2A7F28E82986A92CAF1FADFE2DFCAC1C32522CA3A52334DBB09A323AA554AD80A8C8A10AB00C30F3ACCD2D79A91FA6E53365303A2E063076322CB221B3A7A65D31C3336EAE872031B272AF18AC74A7382FA3
A405B132B13128F9A4A198998EAC1C79AAB1311EACFCA72BB2352A0116A3B0A82896A185B047AEC8A8132DDE29A1AF80B41CA73DA6CE35B3A9E63495B0872ECE304C2DA0A8CE2AE7AEBBA97BAB6E344DA3C7A0A8A68F3144B27C2CB0A8C4AF99
27A8AAD51B50322E266FA9B0B0DAB06DAD53A56729F32C23B0682E67ACB22823288A2DB0AE5D34883202AE38B055A84823ECB0A429362DE72CCFA9E0AD43B269A968AD18B2012C95304F2A1D9CBEA924A83A2C04B163B278B06A272D1F2424C7
2635295CB07C3134A64827E9ACD32F6FB52D276933F4AA2FA5EF24DE216929DA30E3AD2BADDB315F33331AF22FCFAFDB2C012F403001B26C333AB00A9E532EA71BE8B04C214A2E46AE7929B4B529AEDAB09931FB303AB0D4A148B1F5B0633133
2C1F31AC305D2A032A823102AA48A783A49E327AACD12D443197A2EAB388A7CD2DEEAEBC2D7F288729829604AC9EACEA2E1D27ACB2CA042EAC1C29332566ACA5A9972C5DB2D924079C2B2C7EB1D7B1E0293CA5B6B18A2D383041B007A4822E8C
B5F59F3A2E2F1A4FAA7D297E29A8AC3430B7B21DB48FAC31A3D915332C24B69B28F2304E3172AC90B198B0A42EC2318FA8C230982D9B294922CAB06BB1F99C2BAC62A86B30A13252AFBCB01128B12B062DEBA89C33FC9BEAB02BA63BA1FEA8D7
00000000000000000000000000000000000000000000B14D00000000000000000000000000000000000000000000AE08000000000000000000000000000000000000000000000EEF00000000000000000000000000000000000000000000AD39
000000000000000000000000000000000000000000000000000000000000000000000000000000000000000000000000000000000000000000000000000000000000000000000000000000000000000000000000000000000000000000000000
000000000000000000000000000000000000000000000000000000000000000000000000000000000000000000000000000000000000000000000000000000000000000000000000000000000000000000000000000000000000000000000000
AD97A96EB204A116304BA9E8A2FD2F19A910AF1629FE2E0DA7E72AA8349834292A17ADE01F3F2FA52DA72021AEC02DCFA9772966A9F6A4AFA91B2AE6AC4DACE0AAC6A944B08D29C12FA22C0D2B6DAB4B28ABA7592C772B18B5B231AC2F2CAB9E
B30FAA192F44B2812D673426300C313225811E890F9EA98825B1B187AF6EA6BAACE9247C321D2833A08EA8CCB043AD003474B2532ADF2D62B06231D7AD492D9CAEB1AE612448B22DAE10339F320730F9B0B4AD3425673441B29FAE82AED62D09
AD62A7F8AB74265C338C20EBACC5AB07B4C1AC44304522E1310DB353A3B23018B0D1357DA615A934B0D33132A8E4A15C2F75A98EAC6AA89B1418324DA7481903A8AFA5AF2D562CC22201209328142F2B30582D56220BA6852CE1AC2FA423307B
26EA2E2D2FF32722B2433254A998336F30CEA813A17F2F6DAF50B1932F4830BF34769A94AD2FB070300FAC5DB2341105B3DF314332EDA5C4A881B43A2C082C2F306130D32D6BAE7AA8FD283B1AC8A8BDAD7CB3F92F13AEA0ABA9B2972025B053
9499B1BD32BA2904A38CB2672AC098612F2A2CD83392AE35B56DB03A1B7DA9D7B0212C4AA5CE2F5A315B12A8328227AC2EEA28FF2D7FA9F3A61FAC17B583B453AA9E2DC32C72300033A0B3B9A1EF28B0B026A63D1F402D0A2C7E2E9F249730F7
B06BB0F7AC5A26722C48288C1F45B1F52109B13130B6AD0934BE26792B94ACFB2683B0802052A9EA2C5FB047AFC5ADBF2692AEF0B1D2A8412D51323A2E6F30BC2A042301B2B13476B2ACAD51329AB3D4A801A59830D921872EF2A3C3AD80B5BD
00000000000000000000000000000000000000000000AA1B000000000000000000000000000000000000000000002673000000000000000000000000000000000000000000002151000000000000000000000000000000000000000000003022
000000000000000000000000000000000000000000000000000000000000000000000000000000000000000000000000000000000000000000000000000000000000000000000000000000000000000000000000000000000000000000000000
000000000000000000000000000000000000000000000000000000000000000000000000000000000000000000000000000000000000000000000000000000000000000000000000000000000000000000000000000000000000000000000000
2CD1A1BFB06AA07B2FE2311BAF8F2C36AE34A875B016A498B5383006B0F93001A4DE2D0C2A0DAD642F8432502CCC2F22A60F333C1B7BB1DE34A4AC963253AD10A9DE2780AD04B1651F402FC222CA2AF897F330A02F0EA4DAB2F12A4A2E67311D
2786AD76B02732A6A043A8EA30D7B4A32CE62C4630102C26319A282019CC321B330CA31734B8AFC99F42320BAC0030D32850281D28D8B063A5E730C02093B00AAAFD2CBBAC092E06AD66B0962DC12ACB35622D35AD8732F6A98C24A32C052E51
347D2BC7AF7728F62B61B05730E1B4452B7F2F66AFB32DD0A81BAD07A472B1332808A98A2B5BA9F0B1852FECAAAEA7D12D882C65B1EAB26BAE082E00B1A2B16EADB02B45B043AD5F2C2EB1D9340CB0C4B45A30AD300129B42F50A924AD2E2DAE
2928AC18298D31D1210024EB2CCA2D1234C9231331E3ABFD3091301A2D78AD69ADC92E9BB436B0D9275EAC4FAB19AF81AA50B1DBB08EAC61325FAD089E9EAC1B209D310A2C56AD862817B26230B0AE80B0BFA9CEAF39A8223369A62D1F202BDF
A7DE27FFAD42319930EBB40A30B6342AB0AEAD3EAD1DB2301EE2B184B183AA22A8E82AB7302AB1E7ACCE3116AD9A354B292A306833F9B0A526F8A54DA5AF31502F2C2D072D6233012CFF31EBAC3DAFB730D1267530CB3053B4A32A2229CBAC64
9873AB88A6ABA862A52DABDE2E6FAC382A7AB14FAF232C5F28EDA5EAA9A8B043ADBAA9A5A950303EA8FCAC85A8BDB09EAD79337FB16F9D6A309F2D6BB1DD2492A13CA9212F5D2936AEF32144249732F9A449ABD6A0F4B15EAB7EAF37289CAC2F
000000000000000000000000000000000000000000002D58000000000000000000000000000000000000000000002AA00000000000000000000000000000000000000000000030E700000000000000000000000000000000000000000000AC17
000000000000000000000000000000000000000000000000000000000000000000000000000000000000000000000000000000000000000000000000000000000000000000000000000000000000000000000000000000000000000000000000
000000000000000000000000000000000000000000000000000000000000000000000000000000000000000000000000000000000000000000000000000000000000000000000000000000000000000000000000000000000000000000000000
1F6125B2A8D926CB275733FE306FA3BEAE8BAF0B2D4FA707A8D1AF14B1D1B0B2B160322EAF0C2A7CAA13ABE5AF142F21285AAEB8AFB03337B540AC832A9FAE09A557A587B01E2C059F18B0332E2630CBAFF888EF2FA1312C2E50B1A6AF66A6FF
2BBDAFB92FCA307AB62531D9AABB2E51AD69ACF6AF27AF23A9482E8DAC1B3004B155B07CB2CF2E462ED12213A24B2D37B13630EDA65E2521AAF3A34F1D8F925290F1A6ADAD9C2D25AC95B100B112B11E32C6A476AFA82247B4912E8524C4A52A
AA2F2DC43451AAD5A7F8B45E246E25D1ADF227EE3116998D2FE330A2ADC0B12CA256A37EB49B2F89B58AAB0B2DD22341303AB10030B1ACE1A426A25D2FDEB155B31BA72CAE23A73F34733269B445B222B022AA9D2F6DACB1ABE9B0302EC6B09D
2242A8C2AD0BA7722A6E3473AEAAB38230F3A24E30F630A420B0B1E92D573037A562B222ACB92803242324DE30E1B07B2728B0202A9AB1432EEB3033A5A224D2ABBC2EEAB1A0B2432E55A5AB32B0B11BABAB9F9C2C4A2E2D9D6234ABAFF22CC8
A55EB0803065A4F8286E2F362ACDAC06A8E1A7043024ABEE25672D83B06D98282FD834452CB526F131F9AC402B20AE4A2DAEA8843055ACD62E0AB2F1AF06329E279E344CB34BB15F2781B480304CABCC307E2329A485A847316FAF0CB364306F
2D9D339B2C1FB46AADABA4AE2CD1226A2976A82C2EA525AFA388B2D5A71CAD1D1DB0AF87A5A3AB142AD42F712710B39330C13033B0FEB1A42F4B2FB0B162AA9DB2842DCCB067AD1C29502FCBA94AAA82B08FB4C8AD6AAB449873B1562C5E2E13
00000000000000000000000000000000000000000000B39A00000000000000000000000000000000000000000000A76800000000000000000000000000000000000000000000A0C800000000000000000000000000000000000000000000A426
000000000000000000000000000000000000000000000000000000000000000000000000000000000000000000000000000000000000000000000000000000000000000000000000000000000000000000000000000000000000000000000000
000000000000000000000000000000000000000000000000000000000000000000000000000000000000000000000000000000000000000000000000000000000000000000000000000000000000000000000000000000000000000000000000
24142B3CAC2A2F992AEA32622D632F5DB3B32DA71D63ADE4AEC92D9D2E80AFC0ACCAA4EBAF77AFB9327EA818251A2DF5AAAB9DF7A43A303D2D13ADFF3058AC5C30732FC93022302B29772CEA27FBB2E42CD730A4B05334C929F02E56A82DAE34
9D22307C3071AA2EAC6C32AD91C7A132B0D2AF43AD64AFE0281230DA2DA328582FF822C62E881C05ADB0AB84313AB1A12E0BA802B1BBAF3725F6AFB92DC72587B4852F99279AAF1D2A8AABDA28CBA8D99599B1473016B376AC4EAFEBAECFAF77
2243B5062CA1B0B0AC963265243B2E4CB0B6AF3F304DAE33B1C998CD31A8A5E8ABB62991B07618E3A907A211315727B21B4DAEE522832FD5AE2728F72D17294119B0267E2F43B04725DC33062C7F2E4FAD86ADB99980AA45305F272023F7B160
26CC24AD27B5ACA12D76B09529BAB100B077B4372984303EA8622F142C4AB178B01F210432E3B0BFAED2298A235CB03FB63DAD033196307DAD6C2D7E2C1D32C2B64132A4ACD1174F2C21A7112C0CAFE8B119B03C1FD12DBB2C42AF85B15EA63F
320E34CAAC702EF32B3E18D1AD822D16ACDBA82AAF0DAFFF2FCD3132ACD0AC3634C4B2F02F66ADAAAF3EAF2CAA1E364CA7842B1B2AD7291A2CDC2A4C2CF429272E0E2F9DA79F22CAAD0433522F28B2AB32E22FBAAA0AAE59A93BB50721E7B2F3
AA45A5E130F9A4752A93B4BAAB4034212CE9B1551B2FA9BAADB9A8F4AF71B00D2A45AC2432B8B1B92C50AC70ADD02EEB32998F81240CAA202C3B2E49320535C7B191062530902EEC3379344A2D73ACCBACB22CCBACC62FB6A86B2CA9A5279DBC
000000000000000000000000000000000000000000002C7200000000000000000000000000000000000000000000321F00000000000000000000000000000000000000000000151F000000000000000000000000000000000000000000003012
000000000000000000000000000000000000000000000000000000000000000000000000000000000000000000000000000000000000000000000000000000000000000000000000000000000000000000000000000000000000000000000000
000000000000000000000000000000000000000000000000000000000000000000000000000000000000000000000000000000000000000000000000000000000000000000000000000000000000000000000000000000000000000000000000
24202DF4221BB5292DE2B0983133AC99B49C3171A2D2AD0533EE32C42F74AA82AEAB20BB2C8FB05730752FA2309EAD60AB8C2967B2CB29B1B07DB05B32C82B3D2897263F30C2327CB010B0B1AB7D9E7EAE5728A0AA2625B2B0BDA869AE183174
98362CD8AA65300828C92FA330E127C92C43AEE4AF5B2EEAADD6AC9E2840AD392B83211B31CEA7C4AF2F303D2E332A27AD98AAA93074ADBAA906B0712F3DB2C5B11D2D33AD7A2D7734A82A992DA3A9E5319EA4A8A37F31F42C1BA3472F7EA96A
B3B9A8BA28E62AC128AFA9D034AFB0542B5C25D92E602F4130E62EB6286333D6A9382689B41C31F72D351C65B05B2A1CAE412F5DA809B0B2302D2A342F7CB1CEAA409CAC310FB1582E2BA9102FB0A8302DE5B0C8AE77B3C1369EAA7BB0FB2F98
31B3309A2E662C649F74A8C9AECE8F4098FB318334CAAB5329C32A72ABD8B1A63278AD3F2EC528631948B1FB2EA6A6A328B4ACB0A95F2D7B309B2C962CBCB006302BABAFB12EA928AB1430442AFA2DC12F7731EB2FB0AFCDB235A8B72E1E2672
3062A9C1B31D31092C1FAA92A9D4AA7EA98B2CE02C53B250A337B06F2093A7CC2D7C2DE1B3BD30E3AE4B34DE2EFCB07AAD732937AF32B3532BFDB60CAA6C33E928452D702F5E2B30ADD72B7EA4A4A4AFB0642D39AE20316DB2EC2D6432972A5F
31CD2EE3A6CEAC58298A326030462B9EA0F9B325ACC4B15530CEB14BAE6FAEC4B15B24CF2D382CD1295F2304ADC42E00244329292642AF5B2DDDB01F288F28A9B18525C8A812AF2E31D0AC633456AB582481AA47AD6CADDBA8F6A96A2DCAABA8
00000000000000000000000000000000000000000000AB4F00000000000000000000000000000000000000000000AC9800000000000000000000000000000000000000000000B327000000000000000000000000000000000000000000002C46
000000000000000000000000000000000000000000000000000000000000000000000000000000000000000000000000000000000000000000000000000000000000000000000000000000000000000000000000000000000000000000000000
000000000000000000000000000000000000000000000000000000000000000000000000000000000000000000000000000000000000000000000000000000000000000000000000000000000000000000000000000000000000000000000000
AFE32DCD1ED6B01F2B032BABA0762FD22962A1E1A49A2459AC8F2F6832C830A03013AE1B2B6C337BACE32BBF22F72AF430FEB32EB047A940AACE2D6A9D6C27C41F522C662BD49471A7232C9DA9FAB1A12BE11DE9AD4C2E88B2742ED1AFC42CC0
2649AA70AE1C2C1930A52CAD974BA883A6E92DC630F99C49303E33C028B234652A0CB0F22DC9A476AC3A168CA974AADA248A90DBAA11AC0523A830D1300BB1BC26ABA8B72E97B0DBB00826CF2F7E264D297F30C72AFD2C25A76E1D2E2547AE4B
2828AC662ECCA290344E335F2D3FADCA31F4B0B0B010307B27AD334FA0B529032CAB34549C5BAD4CAE212E75B1952AD02F52236EA70CB10B2EA8A1F22B6FAD0EA431AE0832F2AF5B328D2C90A84C2D9A288AAC8326682E4FB23FAD0D2E70ACBC
B1FEB0BD221FB49CB3A7AF8E3185A84F2F772D3FAC45B27DB0BE1FF1B700AD9429BBA88A2A142D58B14331DE25902CF6B0CC2CB9A2C62D8DB289ADBFACA62DFFA7DA232C2464B390AD672EEC345A2BD434BB247EB1B82F232E7C3419A4532F4C
B471AE30B1C432CE2DB52755B0E3AD472F692E5C28EEA524214EAD2BAD33B125A895A7B02F452CDFB0AD24DDA5A0A67D2E9CB4AB2EA7B25AA5E52C51A6872F03B3B5A8A3B165A7EFAE8D2CF4269425E02EF02F032AA62B16B2022DC7ADA3344A
B03C22F3B29D319AA246B462AED82F71AC4F2DEF30A01EEE298F263A2CED2E70B1662B21B04A253630FC2CFB2D22AA2E2653B11431F43393A74DB0C2355EA5AD2C1BA960B228B097A8B8AC6BA894A258B0A0B1F12DE4AC63B2772EEE342DB558
00000000000000000000000000000000000000000000AA65000000000000000000000000000000000000000000002C2F000000000000000000000000000000000000000000002D8000000000000000000000000000000000000000000000315A
000000000000000000000000000000000000000000000000000000000000000000000000000000000000000000000000000000000000000000000000000000000000000000000000000000000000000000000000000000000000000000000000
000000000000000000000000000000000000000000000000000000000000000000000000000000000000000000000000000000000000000000000000000000000000000000000000000000000000000000000000000000000000000000000000
AF2C3289314EAF7FAF1A3284ACE0AD27248EAC802FF3B15A2C98B427302928E5AD9D99CCADF32CC12BC824AF2FD9310AB2C3B16F3264B3262D36B025B0A0AE3E30A22CF8A14AA136AA34A2C8A67A29762EA932972D04B076ACA3AC99B11CAA97
2F6F317B27CBB209280DAF98AB95ADF51828B000AC42A21AA01D28AFB45BAFF6B0002C972E8634702A76A7CE2B542896AF7DB1A6AB3E2E1B286D3168B20CB034312EAB3DADBEA099311EAC49A97DB0AAAEEB1CAEAD13A57E327DB0252D122E88
3014ADAFB112AAAD25AEB1272B7BA535AED92C9B2D35AD4899EE2C789C682A462C062F102D13AFEFAB692C602E102D12AB62B113AAC5AECF2CFB2F58A94E33B1A97E316CAE02B06EAF8234F33094A0E5346E31F62E1E314A2B4C2E86317B2C45
30AEB3992F7BB101A6772A15290633DC28063204B03CAD6B29992CC0AA2828BE3195A40FAA58ACF3AE109DDDAFC334D2A74D1C5CADB929092C712C88AB56319AB23AAC4FAD44B1FA27ACAD792AF0AE1230642A2928AB31B52EB8B394AFC51F5A
198C26E9B21E2BBCB3E8A5D4B0082CA7301F2C37B42525C8B44F2A2FB007AC8B32B7A6A2B026A7A93061B2402BD2B05B2291AAE02F73AE2B2675B00A9F1D2D66218AA4C431D5B0542E9F2AADAC7B2C599CB428D3316E1F71B0C5A657B1132C4F
2E6F2F3C33ACAC91AC61AE512EC4B13832AEB1272CD32E992444ACF7A8F49DBBAF2BAE0E34EDB02E3286B2FE2A8A282B12FB32582DE4B2CEB045B1CDA9FAA988B05EB32A2485ADB81CBDB34726312B26A64831B1A7E4A9D4B482B4E32C5729F9
00000000000000000000000000000000000000000000AE4D00000000000000000000000000000000000000000000AE27000000000000000000000000000000000000000000002D9400000000000000000000000000000000000000000000290F
000000000000000000000000000000000000000000000000000000000000000000000000000000000000000000000000000000000000000000000000000000000000000000000000000000000000000000000000000000000000000000000000
000000000000000000000000000000000000000000000000000000000000000000000000000000000000000000000000000000000000000000000000000000000000000000000000000000000000000000000000000000000000000000000000
B03025D1AAA6A0F8B071311726B8A6A1A71DB0332CEDB35FB0202D3032E432C23176A4EB2F592D4BAC7A2A2325FEB07B317D21FB2C48B04031AFAE82B444B074A7CE3148B0A828E0AE3B320FAF24223CB2CC22C9B260A506AE75AD9A30222D23
2BF4A992A4A2A94F249EA5F92CBA2DA92E14AA1E2EA29F7029BBAD4C9D1AB0CE2401AF24321CACFDADA9321628BAB00AADBBAB3029E3B47CAD90AC1AAF72AD7DABB3A7671BE5AD6DAD87AF3DB26A1CC3B5CD2F35B1FEAE65B41D3092306D27B8
2587A895B51930692BCB30182BCC2C68B154A9F92DEDAC0CB11BA8FAB056A7732428B495AE1623542E2BA0532E48A924A1A42F9EAFFCB23A2964322729F230223121AC1FAE44AE4FACFAB0032E862D4230AD2D362EC11DE41B39182DB0E32352
24CE345EB2292F25B4CF240634083224325A2DFE30E73125A2752F16AD332FEAB4CFA834B155A83F2898ACF0A65729E113792C14B14C2C58A0D633A3B167AFA32CA127903117A4642ADF9E642D0C2D96A42D2E712B1F2D48AEFBA3BC2B16AB14
1B743487A7C4A601A3292494B2EDAC69A8E02AE732C41FEBAD22B150B07D27E82BE72B2FB0162BBD28C5B0CDA8D12F46AB653133B33B304F21D830732F8E9C3416BEA903319032A1B0BCAA69AF8828A62656AD22ABF42B59B1D6A388A4E2AE8D
AFB22634308C2B532D3B25362DFBAC32B3628864B08D30D4A911B5A6AFFDB563B201ACA5AE8E29CEA90CAF72A9C0ADA52D5C1FDA30412C2AADEBAC482E0E3362313E2E00AB76118AB02CB0592FFAB0CFAC4A3409AD86AECF323D33C024ABABF3
000000000000000000000000000000000000000000002F24000000000000000000000000000000000000000000002CD500000000000000000000000000000000000000000000AF63000000000000000000000000000000000000000000003234
000000000000000000000000000000000000000000000000000000000000000000000000000000000000000000000000000000000000000000000000000000000000000000000000000000000000000000000000000000000000000000000000
000000000000000000000000000000000000000000000000000000000000000000000000000000000000000000000000000000000000000000000000000000000000000000000000000000000000000000000000000000000000000000000000
AC95B01F313A30A132712DEAB3E3AD5EB1373006A8D9AE0D1C1BA602A4192E5C2B223190A4EDA907B2892FB1ACBC2DC62AFF3169AAF62476A74B2CB62A9B216C32C52E4FA6DC2DEEAF40AECB325624F0B063B2F9ADC0ADF93064B0AD2FCCA12E
201B30EAB1F3314D2FAAAA2FADB4A907AE7EAF08A48F2544AEAAAC992CFF3342B3C82759256FA10AAF452765AC9D1099AD45A61534752CC4A4E4318C2A6A30BBA804AD322E623069A55AB235300435E928312EFB2DBB2777B01925472C8130F1
31DE336B257DAEE1B5602E0A306E2EB731BD2B5CAD2CAAE231CE2C1F316A260C2C41B0AFB004265B2F7CAE6FB05525962D7229D530FCB65CA46EAD7331E129513114AEF62FDB224BABA9264C2DCF28A33031B052272D2DDA21EEA602A6DFA8A3
280EAD412765AC5EAB439FBB2DBFB1421C809FA9AE922D82AA77312528B7AE2EAFBA32F02E5F2FAB1E2AA00533A73368309D2E02A4D92E03AF632D312AA533F3AF181282B3BC2D10B20E31D427A6ADAC2C03290AAAF7AC0E346B2B2EAB943021
2C0FA58CA7CB2963AD1EB284B3A72C67286E2F36AB4DACD9B215B2052D4B20072EE0B012343430DD31E31ED9AA7526CF28C9300629D0A7F3ABCAA8E0A7ACAC71310C2F88305AACCB29CB3146B0F72A4CB4E32D65A8DA2EC6A951B0C9B232B0F3
2E02AE7BABE8ADC122CA2E1E31A1AC94B406327FB0D3B03130B432F2AA7AA0061075B1F82386A4D3A770B274B1B32A6AADB9AC32B04C31C0B37630D62ACD29E82D83AA902EA8B1682B63B18D3161A749304E26F42EE632AC2C6E2099A1111BB4
000000000000000000000000000000000000000000002B2000000000000000000000000000000000000000000000A86C00000000000000000000000000000000000000000000314600000000000000000000000000000000000000000000ADF0
000000000000000000000000000000000000000000000000000000000000000000000000000000000000000000000000000000000000000000000000000000000000000000000000000000000000000000000000000000000000000000000000
000000000000000000000000000000000000000000000000000000000000000000000000000000000000000000000000000000000000000000000000000000000000000000000000000000000000000000000000000000000000000000000000
30E1B0C93043AA6DAED032932200B10FA3A2B126AC67ADC0A888A2333303ABCCAD8EB04CA4F32CE3B25EAE43A43130AC2E3F2571A7752CC4A16A3030B0342029A3C4A0792DE8267DAF232184AF8BAC8035F7139629F8AEF6AC97A5D0B0752F91
B07929CC2CF220901F0CB325AE18B0DC287E313A2E0EAD483017AFB034BAB0CFAB4630F7266F32CDAA1D3079AC9F22912E132D4EA1E63359AF592DBD2ACDB1ACAAA6ABB6B0CE2881B413250D2818ADF0B38B2D48343F2BC52F8DAD13AB94AD51
AF7CB118A5552705ABBAB46E35DF3043A56FAC4D30462F87B26827C191DAB0F7B4A82E3F288828F6303628B32E6D2E41310CB244ADA82599A638ADAEAE452D6A32CAA8182D0CAB8DADB2AD3D276C3291B340ADA52B102DE1278B2DA0230BA998
ADCDACFFB3B28C262F48ACAB33F3A7FC1DDBA6382E85A93D29E5B2662E85A50E2C02B0D92F7334912C442B052E2EA5E0326630C0AB1CAC433080AE9FABEC258AAEB831FEADAFAC51B028291EA48EA658A8EE2CF23072B3C3257EA5FCB167A83F
B08F2DA89FF2A81D27A02C42299F341AAF24ADEC2ADD244FAB1CB1139E23AF502F6725B59D5333E92906B248AF5CAC632FE9AF15B1ADB05B30B32E03A9362EC72D01B3AF32B33001AAD2AF4CB0ECB430B15CA16521DFB155A8092E792BBAAD7E
2E44A1FDB46F2E982EA0A8E6AA5BA03D2C9CAD4830C4AEF1AAC61D7825013057A2DFAC2FA1D1AA35B1743229AA6033AEB304ACDD2E9A2D47300932AD9C2B2945B268AEDA31B82C8BA76FAA2B314F2FC22664AD05A890AFA62C251814314530C4
00000000000000000000000000000000000000000000321700000000000000000000000000000000000000000000A1A500000000000000000000000000000000000000000000B44C000000000000000000000000000000000000000000002E41
000000000000000000000000000000000000000000000000000000000000000000000000000000000000000000000000000000000000000000000000000000000000000000000000000000000000000000000000000000000000000000000000
000000000000000000000000000000000000000000000000000000000000000000000000000000000000000000000000000000000000000000000000000000000000000000000000000000000000000000000000000000000000000000000000
3294ACF02A71B269AB0AAF2F34B7AEA2B015ADEAB0CE2C0DAD45A53527032A3CB0AA2F3F2C03AF7B26942A4BAA5DA23C2C04ABFA35C130E9AD6CAD74A96BA0B9AA03AC01AF41ADC026992C5F2681AD0D303E2D5AAF941FAB2C2530922FFA18EE
A4AE25AEAEACABDE26732DFCB0AD2C67B448B1D5301AB166316FAFDD1621310AB3C9AFEB32FFB07932D22F22ACF4B0C4B0C3311B9E5AAFAFAA82B1CF2CA5B1BEAD052D41ACCC3064AD632E832DB12BB830A0AFD32E639D8B25EE2B19A2B02D10
31BDA119B290AC162106ADD8AE0DA807AAB42D8BB2A419052C242A070F4DB24AB1062898B0A3B07FB09EAEDB30932A0AA2D6B2F6354FA7352F342ABC29C5B468AE45A560B0EE2AB89CACB30FB17F309732C23096AE00AD99346BAC1B27DB2CA2
2C94B09FA64AB1FAAC27AAF42D5FB005A93C304CAD32AA812E302CC5ABE92BA42F2CB29FAFC7AEB4ACE928C91DDEB044AC442AF22F22A8712EF4292B29A72CE72F2CAE522E91A369A2C0B22C2F7931B330BC28042E4B2BE42AC7AC50AB803260
B2C22F1131A62608ACE5A76732E8AC60A907B01F2F00AE57B42E2449B0B83291AA73192A306BA98D32D130BB22E718FA3217AD8F2C059F3CA81A2CB5AC89B40E31F69C48306E19322312A4F3AEC7AA1DA88831C535D230542E939EC027FCB34A
B200B13530D0AAB4AAB42DDB2747256DB23CB1DCADD9AF20302AB1302E1AA7C92E94AB1B300E3000AD9E31F71D412D8DA447A60C30CC30EEB0FAA665283EAB21B3A32BB52CC32220B168AC81ACD3AFCD30A9250031A3A93F2A312C01B437B20C
000000000000000000000000000000000000000000002FBB000000000000000000000000000000000000000000003524000000000000000000000000000000000000000000002ECD00000000000000000000000000000000000000000000308F
000000000000000000000000000000000000000000000000000000000000000000000000000000000000000000000000000000000000000000000000000000000000000000000000000000000000000000000000000000000000000000000000
000000000000000000000000000000000000000000000000000000000000000000000000000000000000000000000000000000000000000000000000000000000000000000000000000000000000000000000000000000000000000000000000
1FC4ACE5AA86332B213DAFA4AE3BA5C6AC632F85304BAED6ADB22CEB29572EF9274B288F2C31B124A563267B2E99AFF2A647AA21AFE12DD83204B158A09BAAB12C91AD0F2DD3B17F2D592FE3B1DAACEC29C3AEBA1A7BAFD0AEE0AE1BA4122DC3
3317AE252BED2A71A560B228AB0C302EB0C0ABA5AC052FD3AA04313530BBAA542A6435113106B044B002A5A12F3C1CD330F33361B2B324A5B0292EE32C22AC20318FB0F32F82A73428B014D529322D8BA810B42A2CB2304C320CACE5AE1F29B7
9DE0260EB45C3030AA60A1CCB00B2A832C1DAEF0AF70AE9FA900A597B526250A319A2D71AD5CADE7328C1DCE30F9A997AB28AF222F332B04B1B01F45AE41B05A24F22D01ACBEA41EA830AD2E22AEAA8D32EF2B8332152ED2ABF527D5AC6530D4
B251300D31F6AC719CEEAEDD27A3AC9F3166B04E2C8BB31E91BFABFEB19BA9A72E2A33BDB05C27091EBFAB6DAC60AC98A54BB3EEA85AB134AD0D2E55B11D341E351128E92ED9AACAA1E92D7D28E4B448AEC324C6AE28B40DB080A4F9A5CE2C58
2D8B27E4B20826172DE3B2FA2F6E2C13315E2CA428F5B24DA6F024A6330C31162E2EB087AE5BAF6DA870B217B0D4AFA5A9DE342F33A1AD672F96AACEAE77344E30F42F4C2C612ED62A75A58434F22424A8D52DBBAB9F3495320FAEDCACE696BF
A1652D06294133B4B4492E792AB8AC23301EAEEE32C4B313330A2D48B06F30E32B441D902AE3AFFDAC19316B33613051A59AB1482B589E632838A4E6A73E2EF82F2E1C142C51ADD3AFB22B0D2E80B074B26C292B31E2A832ACF8319130033139
000000000000000000000000000000000000000000003013000000000000000000000000000000000000000000002FA9000000000000000000000000000000000000000000002DF0000000000000000000000000000000000000000000002D59
000000000000000000000000000000000000000000000000000000000000000000000000000000000000000000000000000000000000000000000000000000000000000000000000000000000000000000000000000000000000000000000000
000000000000000000000000000000000000000000000000000000000000000000000000000000000000000000000000000000000000000000000000000000000000000000000000000000000000000000000000000000000000000000000000
ACDEA6FBA85529D231952CE131BA2E2E305E2C9DAFCAAC3B31753096306FB1B330C7A8BD2819B093AD8CAF1C2DBDB1FF2D292ABAAE7B31402C252CD82CA5B4252EE3B07FA7F2A9003350ACFBAD3F283EA6442DF82FB531C7258A31972478B0E3
B3532C582CF92CE2B036B20BB61B30E7214FAD652F4930372ECAB0682CB134EEAE63AFD2B1AEB1082B4229492FC3A92621A71C942B442D9D2FF62C7B28D92BE72D91ADA9298EAFE82466AE74A1B6287B29B9B0342F9FA81324B52CC22D702D5E
2851AE4DA7001D692F5AA01EAA0AAA43336CB05BB408AF94B2A22F73A66C294425F1A992B50BB0A420A12AD52B15B15932052E562D079D74AF8EA8D82FBFB052A883AFE62F20B010A7532DBA2C59B34E27AF2F5A23EE35982FFB1D62AB23A397
A8B02DD92AD4AB6125B9B5C7B1AA308A281E1FA832612392A903B2962A4B3508AFB1AA4731F2AD35B12FACB1A87C3330ADDDB1E89B1B2D282C3B2CEC1C1D30F52CF0B1C93037A7C5A9A6B09B1BBD2EB02972318226DC2D6B2EB1347D2FCCAD48
AD392DE2A8C6AEF5AD85B3D3AD29AFE4AFDBA5309E3C1D87A6F32AFF24A4AA6529FB2176B531ABCAA38125E4AD282808AC51B003B2343243A1F31E97A8A220C7B506B5892EC2ABAF327D213F9B1130983126A1CFA95AB09DA58CA7FA9A1CB3AE
2EDCB0CE27B7ABE6207CA61E33AB285BA34430302C9130CBAE319F582C0432E7A189AD4A2EE1A6E0286EADB52D10A1EDB5353534289DB241B18DA917309E2C229CA523EB2D8EA314A6A0A7D02E0AB44A3074B2B5A965B4D12D3E26D7339E19A7
00000000000000000000000000000000000000000000AC1200000000000000000000000000000000000000000000A62B000000000000000000000000000000000000000000001D38000000000000000000000000000000000000000000002B1B
000000000000000000000000000000000000000000000000000000000000000000000000000000000000000000000000000000000000000000000000000000000000000000000000000000000000000000000000000000000000000000000000
000000000000000000000000000000000000000000000000000000000000000000000000000000000000000000000000000000000000000000000000000000000000000000000000000000000000000000000000000000000000000000000000
354F2889310EA9F8A997A58BB0D3B422A6882CFE1FA930BEB33FAEF3B058B252318A32272FFF1FD3AEA82AF9A55F9FAE340531BBA816AEE7A969B0451819300EADB0AE3D2E5A31D61F139C142281128E2CA3309AB1D82C463532B07BB0D13018
2EA02A0824062723A639281E31932E1BA1BA272029C62B87A943B0382851297F2D522958AC36AD42B4069CCCAE1D1B9F33E2B02EB0D6AA2D2CDBA700AEFDAEDCAC369544AC382E05252B2BDC3161AC9A2A082D171A1330E3B4482C3525FA3093
2D09AFF7AD6CAD38260F32872D61ACA62E5FAE85AF7BAD7BAB8E295F314BA989B1512706A9A8B104AE05311AB067B0E32593AF7130042CFFAFAEAC812F021D0B30913105AD0F97C5B20E32B7252B2FEC24B2AF1C2AFF2028AD91ADF73058A5D2
B0C1305FAB382EAAB029B44328BA2D743147B171AA4028B6B06430C6B4872BB72EF1AC1B2E222B5C1CE3B2A4A4EFB00DAE2A312EB415AEE52DC22E15B45430EB2398B119B1D331242B70AF97AEC0AB41A895AFEAB25DAD8AAF20A9DD3436304B
B075A9FF2D7FB10322F3B0422F21B01324FE2E85B1DD2F75AB182EA82A9E29951E0534C7240D291A33AD2425AA71240929F6A5C8B07625D7B10AB05B29FD2259AABF2D18A7B42585ADF6B3CF2C882C71A8AAA1F0ABC52C5B307A2EE32A689D6C
3003282B2D1DB5542F472CD3B2B9A8672411281D32F5AD86AE47A587A3B1AFBFAB7330D53228B4FC2CD2243A2BE9A5F4B05030CCB0F228BB31CEB25F3061B137ABE9A92624E92E71AF84274A3581A04A344629922025AB92B170B1632C4CB244
00000000000000000000000000000000000000000000B19D00000000000000000000000000000000000000000000B4050000000000000000000000000000000000000000000033D3000000000000000000000000000000000000000000002EF4
000000000000000000000000000000000000000000000000000000000000000000000000000000000000000000000000000000000000000000000000000000000000000000000000000000000000000000000000000000000000000000000000
000000000000000000000000000000000000000000000000000000000000000000000000000000000000000000000000000000000000000000000000000000000000000000000000000000000000000000000000000000000000000000000000
ADD0259EACECB426AD122B5229C0B515138EA579AF77A6D42E22A94D2D29AE3AAEC9A8B82ACC348C2D602FC2AF69AE631E7DB26424BBB4F52DB7A4312D662D4131D62D7A32092FE3A8BAA584AE7FB117B1E3B2D92954AA1FA6C4AC97AEF92ED1
24473333B3183006B13FB2E6309C3561B34F2F7E9EA22B11B1BE2904B1993135AF03307FA0EEA0D82C7A9B4FA0D7AC3AABEEAE5A919EAC85B384177830B82AD8A8ED2E7E28F5ACFFAC3A355C3236A5012FED2CADB42CAC94335BA9FF2875B0CE
AE182DCF972FA8582C86B1DCAD832ED12308A7FA30312A0FAC3030BEB52EB052B032ABC92998B16A2E9B302C329B2CE13487B09EA61EAF872A591E69A5E4AD552CFE306032642DD433A42F682C143164A7E7AF002D242E71AD5BB08A1DE0AF75
A995A577AE18A51528039C35B0DD30F9B076B15B23BE98CA9578288A2DE6B1F3AD48315132ED2F01A8C9B58A2C892E45B1FCAF4CAE5C2CE12CC4AE0BA832AB422C5B9C7BAA473143AF6B2EA1A45731C6B00D24CBA2DD2466AE55B126ABC93048
30A526B0AE69AC2CAB3A2CD12810AA0BA2E5B05D3174AC1031F5AF54AF572DD3AC74306332182B6EAA692C4724082FE533CCA206B0C134CB2E70ADA7AF823325AF10261CAFFB307DA971AC6FB1EF2F59340AA31F25E22C0F31F6B01CA6E7B320
27EAAC23A4BA2F402714B439B1DFABEBAD6C3098B177B22D24BEAAD72B6AB0102449ADCD2A4125C8A1822CE83460A058917C31D9A1D62AAAAD373283B2E5B095AC35ABF0AE3F299D1FF9B450311023002CA31D5AAF08AA28A8032313A60A2349
00000000000000000000000000000000000000000000AF0300000000000000000000000000000000000000000000A4A600000000000000000000000000000000000000000000317800000000000000000000000000000000000000000000A80E
000000000000000000000000000000000000000000000000000000000000000000000000000000000000000000000000000000000000000000000000000000000000000000000000000000000000000000000000000000000000000000000000
000000000000000000000000000000000000000000000000000000000000000000000000000000000000000000000000000000000000000000000000000000000000000000000000000000000000000000000000000000000000000000000000
2FFBB049A8B2339C2E8DB16E296BACA1ACD3B0C92F2B305A245CB1BFB4E9A93E1702B11FAF24AA5B2EFC2C731BD3B03527E09DE6B0B1AE35AEFE32253121B1482D77300E2D75A8BDB2692F2BA80DB251B53A2A2E24462B97B0563078AF5EB266
AA882F0024DE2CCE275E30A8AF3924E1B005AE2BAC9CAE62AA6F3426A922A6FD2D80AD0DA589AAADAE323014AFDC302E29C12788A9B8AC872F8B2ED6ADA4B2FD26F3B03BAABBAB85AA0830D6ADE02D552CA6A715A8102B68B0E6B13326A12DD3
AC2A3034AD22B1A232EDAC42ABB42C18AF63B0B3ADCEA8A1B1CDB07730BFAD8BA2062C49B36C2DAD947AA803A7112EA4B3262DCBAB229D47B08331FDA63BA1853262ABD92FB297892CE72B57A725AE87A5F08E361EBE32A53019A858A75D2970
AE931A2132FAABCFA7ABB257AE732892ACC4ABEFAD909D40358A2D5BB0442F0EAFD3AA072FE72B1F2FF62B26A8802EF9B1E431942FACAF1931A0AF332E8528591C6F328A28D9353EB064B410AB1A348A1FFA225FB214B1E23306B1162E461F2E
AD942135B38DB14FA96C3578B17C2C7F2DAA2C2133EA2E68AF15AA8DB13F2A61AD6D2EEA2F562BCBB1C62DD6B343B1051183B1AA1BC4ADF8B1E2ABF6AF17A83C32DFB1E525292D81A1A6B0CA2CAEB3829E2D2F4111C8ADA12CA5292F2B7D301F
316131E6A3C4AEAA31842FA7AB0DB2E52984A42AB15D2E3428DF3082AE59245BB3EDAB962A312A3AB1AAA530339C2E6E19341D0E2B3AA9D8B34BA3EDB2412CBE2DED287DAD3EAF9FAB0E2AA2A596AC3FAA102FEA2EA531FE2AA1B4192B4032CD
0000000000000000000000000000000000000000000031BA0000000000000000000000000000000000000000000027A8000000000000000000000000000000000000000000002F620000000000000000000000000000000000000000000030EA
000000000000000000000000000000000000000000000000000000000000000000000000000000000000000000000000000000000000000000000000000000000000000000000000000000000000000000000000000000000000000000000000
000000000000000000000000000000000000000000000000000000000000000000000000000000000000000000000000000000000000000000000000000000000000000000000000000000000000000000000000000000000000000000000000
2F2EB437A58CA8A5AB3626FAA70A2C62B357AABAA26F2D0C32E6ACFAAF7AA86731BB2D2DA9D22C312F67A95CAFCB2BDDB12DAE3A2D1D284F2FE7B4C131CA2C4430382A6CB057AC112C41A7DF356BAD782C18333934721B4A18D9AE373022B2CF
2C58AAB22DD3AFE6AF862F49200931052D122F7AA357A7FD34842A1F31A33323A555240EB2972DFFB10930472A452A2133E82F0F9CA7AC19B0C31E282FB6B334A0F4300D2C64AB2AA71B310DB060A5D429BDADC6AEE8323C23DFADF8A8402D08
A9A3A0302FC83141330BB28AB4092A4DAC10AFB1AD052D5EAC5FB076B1A32E399E8A24BA33A9AC4CAF6BAC2FB0AD30CA31B725E5A70221EA2EA4ACE130AE3431327DAD1829B62C22B0232A042CB2ABCE0DD9A4D3B2722F70A706262FA5E72FCA
AC14B0B8B3CFACB9AA0826813055A7BCA97526F3A05C2AA32D661E74A437240131AF344229C32D7F316E20C9AD28B15F30632C162A5C9DA63110A01B33FB2307AC6AADF73428A3A32A4B35392BC32EEA29633271A41AA64831DBACE5B228ADE7
3224A7D7B2A5B041B028B15AABAFB04F33B8A0DF28EC2D962A37B02E22981A6530F224BCADEAB1632ED32AF2AE9F2BD1B035301F2875AC70A92E28BDB04EB3AE2A8D21D9B51128F5AE59B26996711A6430BDA160AE4432A7A0EF1D0EA9FF1F82
2CCA2458AD6EB2359857306432363427A16C34512D7EB1CB3060AFE42C39AF8EB2C9AFD8AC9C2D07AD3D29D4B2463311B3C531A1A8E0293FA891AB76225DA8CA28972E51AA39B0A8B06D3351319F29C034BC2FEC984631532DC230719686AFA7
000000000000000000000000000000000000000000002569000000000000000000000000000000000000000000002D97000000000000000000000000000000000000000000009C76000000000000000000000000000000000000000000002CE3
000000000000000000000000000000000000000000000000000000000000000000000000000000000000000000000000000000000000000000000000000000000000000000000000000000000000000000000000000000000000000000000000
000000000000000000000000000000000000000000000000000000000000000000000000000000000000000000000000000000000000000000000000000000000000000000000000000000000000000000000000000000000000000000000000
2FC12C242B6F2ED3257E201A31C9AE1D2DADA969A9E5B0E9B069B27E27F3332DAFDC200230D9AE37B04CB077AE38AC58AE792EDC2839AEFA328AAC522CA12C672FA2A978B12FAF5B27622F86A6C5A00A33552BADAEB128E7A6A72DAEB0C4B02D
B124B41EB2702BE832013060A6A83083AB2FA5E22C1A3134A3F49F092CB12E09A5712DFD2A62ACC223F22765ACD92E1B347A28559CB8AC06AC28299FA591AE41B145A20D1D1F2D052AC8AE1AB413227B362C2FA22EC0ABBD2448B02E99B4A4DF
315727382F0131982A932EAB3002ADDE2F76A9C32D302C2BB06BA93929FD32E82900AAB732D02E9E30FB2FEAAD052DE631502B182AA92F8D2561307B2CD02EBDAF82AF67B128A5BAA41EAEAD23B5B46E323EB508245A2FCBB100A0F1325B1B32
3496A9C4AA42310AAACB28139938ACF5AA0C278A2D85AFB53041AF26AC289DF8AF01B389AE9A22A6A67A2C86B54D2E183267A01E2F02315EAA83B15D33672948306CAA6FAE95259FA7FCA95522322928308EADC830F12C6D2AADAC302EFB30C9
305F30F0B24EB2A79F5028CA29B7310C3288AF72B40A30CD2BA82D772C37324B32509B833062AE4FADF134D42E4B31EF30C0B34D3299303AB184ACF42B39306A2967B40A35053039AC3424A7A29825E22FD3B41B2F31A8F2231BA11128E0A797
303224B02F902CC2ACAAB0D4B050AC79AE872CF02F10A6B2ACA42D6934781B45B35EB0422F2B9BF4300D30ADAC7C287533FDA1A6AE3B27D22D39B08A2E4BA8143053286C30FE264827ECAC1F322F316CAF6C2C54AC1994DB2A0E323E23D4329F
0000000000000000000000000000000000000000000031E700000000000000000000000000000000000000000000AE3D000000000000000000000000000000000000000000002B4B00000000000000000000000000000000000000000000AC54
000000000000000000000000000000000000000000000000000000000000000000000000000000000000000000000000000000000000000000000000000000000000000000000000000000000000000000000000000000000000000000000000
000000000000000000000000000000000000000000000000000000000000000000000000000000000000000000000000000000000000000000000000000000000000000000000000000000000000000000000000000000000000000000000000
AD23B570AEA0AF612C69AC2CA90CB133B1C2A649AA5AA82D2649AD802F9AA0F82FAC2DA7B006AD32276C286C28762B97B036A8F23004AD572B61306A322BB0ED323B2EA8206DAAD2317FB4442EC7AEA3AADF32292CB92F69A83B292A240124A5
B013B384308823513378B3E12FAEA7D0B13C2B5E2858A8972C5A2E7B1784B085AD5730C3A827AD62AEFD30FF29E7AF31353EAF482B9CAA84A70E2AFEB0A3AF18AC5E2D18AB202D1C2AE230192C4E2FAA2DB52CE63162AE2CA8B42ECE291BAD77
31EB2B79ABB4A3601DA830392B44AD98A2D7239E2B32B0B62CD53535AA322401302DB0522D15B4262929AAB3298CB0072FE4B01C2867B0B3A89428F52CEDA677AFF22EDBAC0DB083ABDCADB9295B308CA2FC2FBA288031CDB0AAAE1C24B43057
33C51C452FE4B14C251F2D18ACEE347AAD61AD98A91E2DF3A6282FA52F502DBA2A42AEEDAA07A6DD297F32C29D33B07C27C3AEF22E0AB205B1BA320CB10FB1782C4425C12E3F342E21F5A9A533F63153B16E3015B52398BBAFF4AFC12FAEA644
2CA0AE982294AAE42CB2AD77AFF9AD89A42D9F16A6092CD233FA30622F41AE8CA865AE372F002F7E2BCC322D20F7B33D2C8CADE6AF00B4B9338C30302FC9A80FB22A2E682AB6B0E5B0B532F8ADB32931B570B23D2C51301E21C723E4300A2591
B153B00EAC08297D3200982AAF3E30713349AA8A31B42E12B3EA1B58B15EB1E9AD33B1A5B09E3217A0522BF9302535C52A90274EADF428D5220C21602641AEC8A6E430EF3061AD5DAE04AB32AB7F2B76B1F12B19A9DFB0D6AC922CEB156C2D4E
0000000000000000000000000000000000000000000030CB000000000000000000000000000000000000000000002D2200000000000000000000000000000000000000000000ACB900000000000000000000000000000000000000000000B042
000000000000000000000000000000000000000000000000000000000000000000000000000000000000000000000000000000000000000000000000000000000000000000000000000000000000000000000000000000000000000000000000
000000000000000000000000000000000000000000000000000000000000000000000000000000000000000000000000000000000000000000000000000000000000000000000000000000000000000000000000000000000000000000000000
2BC130AA1C2EAD13B1C82791A99F301B2C6FAA4CB16FAE7C2D1AA3D625EB2E9FAE2A2A1032C392642C77298A2F8E258CA8C530F63147B19B2E503446B20B3036AD332A4AAFB732142BBAABDB320930EF3084ADC829C92EC8AB0F2B4C2C7E2AF8
2694322BAC8530EBA52EAA4EB0B82C43B4A02C68B1AEB04D2A3DAE6130A1AF1F308A342B29AFB065B0A029F52C7CA99FA85FAC6499C8B239AA8DA84233213236AF622E352FA8A4703110B67F2C0C28422E58ACB5AA2BA299B058B1EFA7A9B0B9
314BB402ABA43038289DB208B0AEA7DC2CEBAEABACFE2FB4B322AD28300435B228A633572E62253623FF1E8D2EF6B16A2FA78E531D1EB035AD0CB0C8AAD52D2524F6AC12A627A301B11BAE952C18A9ACB367AF34B16AAF7435982EBF208F2EB2
2A85B07BACDF9C96B29DB32E2F7730E02FCB2392B324A9E59BF8324C2B982CB826D9B0BC2D4DB3142896B323AFC72CDAB02A31B42E96306BB06D307CB05CB14F3432B32CACF02F49AD0AB08FB024B31FB142306A32CAAC232E1729A3A9B5AE06
2905AC4426792C3CB120AA33AF6133B531282E0BB0B8ADAE3102B02B24C2AC4A30602C25340728453160ACB1AF8C2AFDAFA1B166AD9A29DC24E3B0C93033AADD2BAE2A6FA60028ECB09AB27121CEB2392A50AC06237BB18131061BCBA1722491
2985B039AD672D7C2ED0A891B3F6A8E52C1AAF8C2FAFAF8110591850B28C2FE631C9AB1C300C2DD6A0D7ACB33033AE499C62201F2D892A512A202CCDAE502D302FAE341832AEA92E30A12AD1A849A5209B3D28B2A3012A402DA8B251B26428B6
00000000000000000000000000000000000000000000ADF80000000000000000000000000000000000000000000031B600000000000000000000000000000000000000000000AD1D000000000000000000000000000000000000000000009EC8
000000000000000000000000000000000000000000000000000000000000000000000000000000000000000000000000000000000000000000000000000000000000000000000000000000000000000000000000000000000000000000000000
000000000000000000000000000000000000000000000000000000000000000000000000000000000000000000000000000000000000000000000000000000000000000000000000000000000000000000000000000000000000000000000000
2E4CAF092AFA22A62B272D7630ED20CA3068B0A32DB1A5A82AD7A458248CA94CB1752FEA2E723129AD2BB0832A26AF1FA40630CC2D6C2D4AB06BA67DAF4AAC16305B2BC92CD09D98AD11ADBA1A551CDF2A22AF3FB19DB023B1B5ACBAAA3CAB1C
ACDB2E8B2C2D2F842D592987B0DE2A44B263A9F5AFD6B1481953A8222A3F302E2EE030D731582590B20CAF62AF4F2F04B0EB2884288931682A2FAC4F316929112C6BAC903134AA802D3FB04131763160AF022C7A2AF0B499A7A39D95AD24AD2E
2DBEB178265DAC7DB18B3148B0362A2DAAF4296924DF2D06300D27C833A6B1132E3DAD862BFFB128A08D285DA5B52CA59D912F2C323F3016AF3A2FB930DEB4F834DFA80FB1B9AA7534DDAA38A8EFB02F306EAD3CB2A31C0CA137A9E1A622AEC8
28C2B29EAD13AA322A6F2255303CB114AE33B0D9302E34C7346F2C992B692BE0343A2A1AB207AB0DA58BA9FC2C5B28FAB493A9C130242447B450B02AACD9B0FBB3F02D332DDB2B87B1C530D4A424A4482522AFA031E0A6A3B4C52D032F009C3B
316BB1072CC9282F2E9226042772B564B27AAA24A8602A2AADDF3029A7CCA862AF8629B6289CAC74B3C0285CA700B4742D66A9762C5F2DA61D51A7820C372FABAC3F3405AD6D303A305AA29DB493A661B050240E9FD5AEF131AD269F24302224
247DA4A32C01AED9B345B249AC3E2BCB33BF32042F032E4E3145B2CBA3B424F73224270FA939B29E30BCAEE4B5213144A43B2F54285630AE28A123DAB0E6AEE72C5827EAA135316F98B12125B08730F8316A1140ACE82D06316C2BD92FF2A959
000000000000000000000000000000000000000000003222000000000000000000000000000000000000000000002BFA00000000000000000000000000000000000000000000AC040000000000000000000000000000000000000000000031C5
000000000000000000000000000000000000000000000000000000000000000000000000000000000000000000000000000000000000000000000000000000000000000000000000000000000000000000000000000000000000000000000000
000000000000000000000000000000000000000000000000000000000000000000000000000000000000000000000000000000000000000000000000000000000000000000000000000000000000000000000000000000000000000000000000
B08D2DC3A3C93109AD54AFB4ACFDA906ADA0AA3FA8733063B0FEB0432DF41E1829612C86B0E0AFC22C2C2C24B00C30742CEC2D53248C2E4EB1022992A6681D192C9CAF5D2D1CAC23B2762C7DB110B0EF31C12B77ACF22426A4752E1CAEE42E15
ADF41C91B0E42802AAFCADF32923B19C2C95ADF5AD7425F3A4842226B04F23C73094B506B22D3151AC10313E3249AFC3347A307F349DAF06AA5E2446B0101B06AB6E30E418F52BECB07D301DA8B731F6304B30C9B4162C05AE0A2D00AF882AAD
292AB35A329E2D48301CA7C128DC35C7B2BD30DAB0A72F1B2CD53074ADA32C7232EA28852EB5256EAB3AAE98301C96CA288B34DCAEF0B3BEAD5CAD2829583132A8F1B2542E56294EB19B2527A7A6B2FA2ECCA59FABC0289330F12FD9AE152E81
AA1BB0402EAF2FDAAF01A1A4AF2828B3AE52AD6A2EAAA209B0EEAB5C2A52B1E48D96AFD49CECA8C3341AB0CF330A30E4260CA55E303634F8A076B1D0301BB3799DBE30FD323724CAAD2A21012C883097B08EABC5B466A83B2EEB289FAFF331BD
AC0B2C4B339EB473270BB4542C512129B0B52235244625B330582833AFA72473AD09A48BA3E732A32D8BA963B169B025AFE7B2E02E86A86BB21AAF2FB1DFA2B8324C2C68B25634432E75281AAF78B14FAF9B2E09AF27B162AC5D335F300D1788
36B9B00B28BAA782A238AFCB3012ACB42F99AC23276426082CB2A5E1304AAC9432F5340E2921AC6E2FE7ACD8B099A1C728CE16C0AD5D1F6EAB7230F02CEAAC6DAC10B0A8A1122C583339AD6130E0A8CA29D4AD892D9B2B83B56D9CF1ADE9AF53
00000000000000000000000000000000000000000000A9590000000000000000000000000000000000000000000034AC00000000000000000000000000000000000000000000ABA6000000000000000000000000000000000000000000002E41
000000000000000000000000000000000000000000000000000000000000000000000000000000000000000000000000000000000000000000000000000000000000000000000000000000000000000000000000000000000000000000000000
000000000000000000000000000000000000000000000000000000000000000000000000000000000000000000000000000000000000000000000000000000000000000000000000000000000000000000000000000000000000000000000000
B25B30853621AE25A4D7B37C327EB60CAF86ACB42DEDB12A301A28F9B5B325FFB09AB0E5B45E2C8C2ED42E21ACF5AF07ABF0B0B6A8812E9FAC1F29D92B973428AD16A97FA55430AD310EAF69B089A64E2FA82D5C2348B2F82E50223E307630D7
2BD52FC1B038AF7F2167905BACA928A2B29BB27F3020AF0B290426A7B274AC712C0C2EE0AF14AAC8B0E7AF032EAC2F9AA8322CEC2D1F2D67B2502D5923D82B6AAD852F3F3183B1491CD4B02C2FEA306530192EACA736AA9DA96A2DFC19BA24FF
326E2A4026E2A84E308FA53DAD6DAED8A907A847223B9EEA2D802F89ADA02CF2275EACCBB1A5AEA118B329C122FAACB430F4A4B8AE2FA3812A1734902861B33BB37C2B24AFA71FDA22342F0FB1B728A430722406A807228FA2A31EF5B0712732
2C542B2DB0E62F1CAE1AAC42AD22B3EA232AAA71B0B8285EAEC7B178B282264D22A9AE8EA432B0E92EB82DCD313AB1BBAE6DAF4CA8CB2DB0B1CC33FFB3AE3235300BAE4D339231E330AFA697AE8CB0D8B2CB2D2CB322B23F22C6B14426FFAE1F
B02A30BF2A73A9991BF129BA2C38AC6FB050B28A2F9F2CACB14DAD0E30A230123052AD5A319BAD09A575A26534C5AF862D1CA9A22910B0A0AB21AA8716D4AA5E2E0EAED03236305CAFC41D6727852856310DB140B11333F42CAEADCD28DC2EF4
ACF232BCA658B07505B1AE4A22F1A8B61C89B0F3A3C82F8128AA3027B53A2EFD34062DD22E2B303BAD81329D2C2E3130B0E12D4A2B0E2CA227A2AC59B2092AD3A887B3ABAB39AB2430CF1A2EAB8828ABAA89AF2BAFA4B57FA0B031EC2985AF24
00000000000000000000000000000000000000000000A562000000000000000000000000000000000000000000002F39000000000000000000000000000000000000000000000BE9000000000000000000000000000000000000000000009BC5
000000000000000000000000000000000000000000000000000000000000000000000000000000000000000000000000000000000000000000000000000000000000000000000000000000000000000000000000000000000000000000000000
000000000000000000000000000000000000000000000000000000000000000000000000000000000000000000000000000000000000000000000000000000000000000000000000000000000000000000000000000000000000000000000000
B079B0E1A48D2DA32E9E26E8AEE025F92D7429FC2C1BA77DB591AC69A3E1ACF53004B1F6A9993453A9542EEEAF8B2B932CEAB4602AC6B2AE2D91ACD4B055A6932D1926762EF52D37B40C2D48B39516F43088323B2DB0AD98A8DAAF18AA422791
3073ABCDAB7E30ED31C4A167A64A2BDBA96E9A292D86B1371E24AB623146AD2C2DF03138AEA9B00CACA026202EF9A5BF2BFC277F2AED30A8B4DB3095314A2D383086AE03A9442DAEA880A82FB468AF2CAF032A00A4D5A576ADB22D52ADE62B47
34B0AE62319327E3B22B30DF30C320C8A7B1A8F72EA62CF6B08A2D47A87D3576AB21AE8697C42401AD152B181FB529DEA9672E892D633108AC003430AE4630A130C131B0A832B0E614B5AB6432939F882A48300F2D4D28AF2963A88A2AF9B08F
AC852DA72936ACD9A84A304328E0AA2C9C59B402B037A0D1ACE3B1B1AA6DB07430742BFDB25FAFC7A5B72E7E13BA33D6A667272DB23B2DD39ED7AD783282AD84333DB0B32BBCAD67283D2515ADB6A2D32CB2AD0F254A2AF1AA3F278A2C5E2B37
AC33B35028AD2F98AC04AEB0B4EBB0C1B1EDB1CAB02EB0C9B13834022AA22492B020AD392CDA251EA480A81FB4AF2F631A8533B290572B15B1F5AB2A2F7DB053AF1D2E012800AC2131E428D9A8B72C45309EAF06A6C8B4C32FDBB097B0162E51
191C2BE0B2C8A6FC2C662CC22B1A31ABB41318E2A7C12AA8AEABAF4DABA12DCB1CFAABD72A30A5D42C8D1DBD2F6128B42F9B1DD1B2FBAC3F2380A66AAF6EB06DADBAA291AC13B11B98E232F8B22932A4B15227C327B8B5AB31AFB0FFAD281C92
00000000000000000000000000000000000000000000B31F00000000000000000000000000000000000000000000B1C2000000000000000000000000000000000000000000009E6600000000000000000000000000000000000000000000B208
000000000000000000000000000000000000000000000000000000000000000000000000000000000000000000000000000000000000000000000000000000000000000000000000000000000000000000000000000000000000000000000000
000000000000000000000000000000000000000000000000000000000000000000000000000000000000000000000000000000000000000000000000000000000000000000000000000000000000000000000000000000000000000000000000
2EDB2F8F26A92FFD2257AD90AF7B2451ACB72E4AABEAB2101C93A2809908B124B156AD8EB08E2FCBB0F5A96CB1802CAEAD23AF8D29782D62B1A73079B2E2B168A64830CAAC2E31DCA7782A6AADAC215DAED92DE3285DAE40AAECAA8F2E95A5C8
A4E1A88FB2FE3395AF6F309FAA35336DB002AD9D25C2B2623096ADE22C7BB40DA5EF2694A87D2E75ACEA2873AE5B2CEA25FA316B30BFAD53A6EAAEBA29FA2094B098B0392DC9B0C2B1E7B0DDA3E4B1F22B8DB1143085B3F6B089AACD230BAF9B
AAADAC39A9299E6AB499B02B315630561FD82E33B1EB296D89E92D52B07C2BEE2C8B2C5F30092EAEA5152C86B16F2F06A2B1ABBFB3E12E35B1C7A64AB388B42228092B6AAE3E2E5BAE952C53A6A5B0CDAD822C372D4AAEF2254B25532EA72D07
AC58B09B3523ABED3240B2B1B249235E2A42B269AD3DB126B10D91C1ACE22B20B18FA13E2B4A2F0622CBA037AC97AFC9301EA26C2C6526A2301B2412AC9A8DACAC31B18A2382B200B3D9A9E9B24A8E672B63A73AA88D2EF92603B2883185AC29
AEC63192AA3EAAA7AB31313AAD3C28B33177B14C2F6034BF1B5C302E2E2DA5F2357B3584B5BDAE3DAE092FD49B39A5D92E1D309B2811B02230CF231CAD38ABD8A9DF3049AF6831C0AB18A1B63285ACBAB1E9312426C222A32E00B158B1FAAE27
AFA7AC3CA912A0CAAC10AC00A80B2CBB2CC82BABB0B32A772D09A88EAE552F3D2D9DB3852D169D763260268CAB01300F31BFA1582BDE3369AF66356E2E6931EBACFBA69AA985B1F42B0021C9B4C829F8B5ECB161B1302E63B291A36C30BF2E19
000000000000000000000000000000000000000000002C42000000000000000000000000000000000000000000002C4300000000000000000000000000000000000000000000AC2E00000000000000000000000000000000000000000000307C
000000000000000000000000000000000000000000000000000000000000000000000000000000000000000000000000000000000000000000000000000000000000000000000000000000000000000000000000000000000000000000000000
000000000000000000000000000000000000000000000000000000000000000000000000000000000000000000000000000000000000000000000000000000000000000000000000000000000000000000000000000000000000000000000000
B4C8AFD12C19A108B0E2213C2F2CA9E6AF90ABA2ABE62C28A59F2AEDACA5B093B2049E62351E301DA4732D01B0EFADEA245BB0BAB38CB4452F1E223A2D352E181750B0C32F7DA618ADF7AC3D2BDC32872CE330F2A4802EB03481AD112FBDA544
34052DA92CB3ABA323F13129A5A5A4EE320123F82FF82E302FBFB4A1AF8F1E44296FB1D121C7A8153267AD14A9ABABA19BBE33523010A9FD3010AEDCAE07B13BAD8DB10C2A502F0A2E22AC362E202F4F30B2A8052E972FD7A2D91C02AD7B30A9
AE92B010AD062808254129CE2E2E2DC434852987AC182CD030E7B0A62040AC9C29542DA32B68AA779F10A53FAE10288224FB260B34F02DF62ED3B3852A942C5131102936324630E8A846B3E6AF4D2D08AABEB2BE3337B08CB1D8058CAFDDB19A
A7FDB220AF0A9B332D73B423B5DC2DAFAE8DA9852AE1B169ACF72929B07C280729CFAE60AD3AAF213129B0E69ECBB04EAC312329A93532B715DB32AAA6A1156FAD7AB0C0A5CEB46FAE6DA91DB19733339EF92CA023ECAE779927A122A65DB302
AF3CB1BA2D8FAB0430A5B02D2A12AB1D26DB2E872B38B41931B5A52DA4DC22C8B309B0D12883A86BAD632CC928863447309F9C87A3B8A9220793282C254228A3AC3BAFAAAFBC318F2050333E2AC2A7BFB02530FD2B68B15133AB2AB72DC1B131
ADCD29A5A4D6AD4FAD3A31D5B19930292E5D2DE12D72A5EFAEFCB041365634152708AE48315DA7D8AF3428C5A8971D46B10032AA2BAFAF141D31244AB04E2CDD2E1A2B4AB173AC9E2E213140A1CEB319A7C6AE3129C4AE892C7929B631132AC2
000000000000000000000000000000000000000000002F26000000000000000000000000000000000000000000002F76000000000000000000000000000000000000000000002D8D00000000000000000000000000000000000000000000A1E4
000000000000000000000000000000000000000000000000000000000000000000000000000000000000000000000000000000000000000000000000000000000000000000000000000000000000000000000000000000000000000000000000
000000000000000000000000000000000000000000000000000000000000000000000000000000000000000000000000000000000000000000000000000000000000000000000000000000000000000000000000000000000000000000000000
2ED79DCA23E8B02F30FD1FEAAE0531162ABFA1032A6AB004258AB034325EACA32AD9A7A326B62F10AFB5AD982C55ADE82EECB2E829A8AA812D102C16AD39AB84336B2CC5B0B73039B48A2D33AD59338532DF29A026FBAE68318C2BCB2946AE2B
29BE32C3A461A4D8B442AFFEA56E2DB62DC5AD4330942ED9B1BE2EA9AF22A7C1307E2CA72229B4A4A7062C7FB05CB1463175A625AD5A2765B02223FE2C7F2816B34428262E4E3231AD32AD82B0892F41ADA131771AECB09F30A32A5C28FDACA8
2AD6B0902C0B2BAA2548AEDD2D7FB4DE1C32A9C62B01A9A7AC3DAADCB048AE882C84AD7F36D02B309EE9B0192704A3B9AC4DA2D234619C6030089716AEB02D86AA5DACBBAC5C30842C782D402D4D9C4BB0C3A653A87FAD3DA4CFACF9AD122F0C
B2B432A12E03B09B331CAE712870B52630002B062349AC762C6C3022ACEEB19F263DAC6C2D6526D52D50A8A12DC3171028973134A90126DBB4A7B304B20B310AAE4D30B829E0AAAB309A304AB399311F2DE01C36A8E99AE632639E89ABBAA9F9
B175AD9729A8B24B32C0AE5AB0F7A5812E5FA4FAB10BAE0DAB18AA95318A355CA4F3285527B7B3D1250A20B030BF3342B28B315D28542F362A2E2C1D2632AB09327FA62BB029283FA347AEE42C3125E82BAE3114A2B2312FB09F325CA89D329E
2A50AFB82CF12CF6B141B1DFA99225EDACFCAFC22856A54A3194267927582CA92B132B74B1162C3D2DAAAC9AA960B1B724D0B3B334C12D3DAB16309C2A973392AC81A4B22D4E33EDA005ACF8AA21ACC4A922A532299631593466B448221F273A
000000000000000000000000000000000000000000002F7B00000000000000000000000000000000000000000000AEA700000000000000000000000000000000000000000000A5F9000000000000000000000000000000000000000000003029
000000000000000000000000000000000000000000000000000000000000000000000000000000000000000000000000000000000000000000000000000000000000000000000000000000000000000000000000000000000000000000000000
000000000000000000000000000000000000000000000000000000000000000000000000000000000000000000000000000000000000000000000000000000000000000000000000000000000000000000000000000000000000000000000000
AE35204B2BA9ACB9B4092DEA2C95A8A32E592C8EAEE8B2F3A8691DBD2FBA9E37B03DACD72E0B2967AA85B0282DBDA672A380ACEC26A7ACDEAC2D35BD29269CC52F65AD83AA78ACE0296DA1532E99AAAC2C3CAD78312BA421316131AC313B3152
B1BC304D33BDB0B12E712804B16D297322FB2F5F30242B2FB5FB2BA1ADA115D129913034A736ACA8AAEDB00D2782A8769946A16B2B7DAB94B124AF42B120B0DA9EE2AC28AEDAAADC2D532CD72EA72F23AA60B0872C1FB1EE28C62E412960A5EC
31613172341B2FD9AF50A91D30DF32EBA539291AA2282EC3AAFF2E8A2054311CB2A32C2EA535ABE1B051A8E49BEAAAFA3001B149B151AD751BAF2EA9A9B62C2833F393C7ABB0AB9BB42821393320B3B2ACFBA698A435B16FB4C92A43AC182DEB
2BDFAADAAE85B310AA912A5426C327942B76241F30EFB073315032BBB0BB9FC8AC90B165205A30E72A372DE83205B2FB146C23792AC4B279ABE3B177AEFAA9C1A8AA2CD02F4EAD0BB252B33AAE1D2C25A037AFF9AEC826BD20BFAD62ACDF262B
99632F77B57E2A3A2CCAA6F3318A2AD12C8730033338216AB003B3D1B0A7B325AD15AC24B3C5B154228AA942B25CAA3BB137AA002D9FB145A88D3587338128EDAD9CAAC1AE3E2D9AAC77B0D1B60331522E2A2BB72118AB23B0B9AF4AA791AA37
2FC0AB84A2AA2FAEB0A0B12D2E2E308EACD2AF4FA212256EAECC2D6A3167B02D3029A753300BB0F0241832562C70ACBFAE492C5CB05AAF6933CDAE9F341CAD3A23632051A9E2A6B42CA2A76BB12E2EDA23DD1D1F2D43AF4A2F67AA9BA90BB4CC
00000000000000000000000000000000000000000000A4670000000000000000000000000000000000000000000025BA00000000000000000000000000000000000000000000B37200000000000000000000000000000000000000000000AFD8
000000000000000000000000000000000000000000000000000000000000000000000000000000000000000000000000000000000000000000000000000000000000000000000000000000000000000000000000000000000000000000000000
000000000000000000000000000000000000000000000000000000000000000000000000000000000000000000000000000000000000000000000000000000000000000000000000000000000000000000000000000000000000000000000000
AED322AF2C69A933ADE12C6FB442B0B1A1EC2D0EB04BA9EA2810B255318E333E287DB3D22A3E30282CF82AA5B1682F76A960226AA57D2E71AEC6ABD328C3B119B44CA9441506312A2D57AE11A854B2992C20AC812DFDAB39AD9317CCB02B304D
A003AA7B3098A8AEABDC3045B156173130882DD01F9D2FFEB30628C02A75AD092B2C22F8326E2D4DA698B141B1CAB06B2E003286AB6E35EAAB9FA556A2B322D9A68AAD65AEA2ADF9AC36ADBE30ED30A4A992AE4B28EA25EDB538A2122E602C51
B17EB095349827A43460AEC2AB2E1F24B045ACD93013ACB62C7EB0A02F6FB21C3018AD47AEF73206AF4F27BF307B266229C12C719C572C93AB90AF5E2E67331C2C24B09C26CD90892E3FB0E92EE2A4B7AD66301630AE2B5E2AFDAFBF2B922D34
3482AEDF26FBB12726AB2B131F1222C62ED6B2532A6C2A54AFFAAB74B1C9B08F2E65A57FB068AC7C32972C91AC0DAC6EA4C32AB7B160263FAD5834F6AEBBAC78308B2F492A742DADA9CBA3E2ABB22C3634322E21AA9D31F02D092F9E28C0335A
A425B0D2329A3011B50732A1B1B31C65ACE02B08328FA404358CA9A030E7AFF92FB4295E24D22D299DAE318AAFC42CD4A3B7AEF3A8C9305E2BFE34F230589C0A24B3AE4DB31CADD6B0E095752F27301B2B83AF22B2493295A56132B82CA028F0
B1A732732C203294A8D4B2412E39B008A665A1662CB82CF0B1ADA7C2B0182352AE46307326C6B10DAEBA300AA982305E21EAA60E304335E0249E22C12D1CB05CB1232FA6283DAE28298034F0ACBD2BF8AC9E2ECA34D3AE6929A5AD733323AD48
000000000000000000000000000000000000000000002BDE00000000000000000000000000000000000000000000B066000000000000000000000000000000000000000000002A9500000000000000000000000000000000000000000000315C
000000000000000000000000000000000000000000000000000000000000000000000000000000000000000000000000000000000000000000000000000000000000000000000000000000000000000000000000000000000000000000000000
000000000000000000000000000000000000000000000000000000000000000000000000000000000000000000000000000000000000000000000000000000000000000000000000000000000000000000000000000000000000000000000000
AFFA285CB0CDAF81B0F6B1962CB8AEDFA7632E192EE32984B3B3B4BCAD39B2C01E4A31E33190B4D328732877B3012FBC2C42B12F2DD3273D32632C53B29FAD31AAD427E32DD19B38A7CFA60CB0CC2C2B3010AE0E2F0E2CF9AD78B1062C88B3F1
A968B112A7A99BBAB3CC3234B259B085AFB62A6A291231092FE52C08B26929452E5C2D1934FE2114B01731D9B033309C2B30B21AABC6AC5232A529ABB2C6A8CFB012AD2C304924C70DA1AF50AECEB1AC116AAC04B0B631EC2FF4ADB32B01A878
B149B0AA2A85B3BBACC02B192E6B2A5FAFE02DA72D1CB0B0AD11AC7BA5B42AECADCFB11A2EB0A791B0292E8DA89D9D4524FBA0152B652969AED730AE164B2960B421AD7CA8A327732CFDB0003119AEE6A831AA362DEB29A2B11EB01BAC6A2C10
2725AEA52E33B1402B4C354DA4B6B0DC2E6BB1BB309DB276AF44B104310EA720A959257D3405B04B2F8330A52C032CD0AD5BA812350F2B732C332C3FB11730BB31313116B03BB4B6339928F7AC062D90B41AB1B22932B346B2FEA9A431C2309A
31842AFBA77C2DAD300FAA212E6D2815A8E62CB5B099B10BAE1EADF72993B402AC5C9D16B04B2D4FA1D231072E212B9C28E4AD9B2BFFA876AD13AC4C3461AEFDB3DC2F9D28D8B069B3BD30D5AE14B1182625326BA6772F18AB7D343EAF442846
235D30442C32B424328A25F5B1B824C7ACFBAE6C348F30CDB035B13BA8F92E76A202A5AFAC532C5F293D2D05AF3E2D11ADC42CC429AC3040AFE3B1A8B3C1B2562BA1AED928152479AD502B1728EE3390A8E231ECB3B8AC38AD3DA261AD53B434
00000000000000000000000000000000000000000000ABFA00000000000000000000000000000000000000000000AE9B000000000000000000000000000000000000000000002F7A0000000000000000000000000000000000000000000026B6
000000000000000000000000000000000000000000000000000000000000000000000000000000000000000000000000000000000000000000000000000000000000000000000000000000000000000000000000000000000000000000000000
000000000000000000000000000000000000000000000000000000000000000000000000000000000000000000000000000000000000000000000000000000000000000000000000000000000000000000000000000000000000000000000000
239AB49E2DEF2B4DA407299C2B78AAE0B0C82BC6A8FA22E931D1A14628272D8AAE193186AD40A825A81E2CA9A489A4052837AB5A27EE2D812443AB3129A3B07A34E32ED60F1D9C2F2B239D50A239229825A32E9BAF2425F0B292A47DA84FAD55
90B3AD07B1A5ACFB18C8B3A4B1C6B1032FA7AA9C2455B06C29E6AD08B2CDAA1026FBA5B62E22332DAF12AE372ECF12CB98D7B488AB6DABCBAEBE289DB08B2FFFACF5AC0A26D72EBD2E6DA875A6FCAE4128362E99AB0C2E0521EE2E1030040C9E
2C28302E31651E36B1F7AF56A62BB1AD2C042EAB3075223CAE3BA1DDA4352FB332F0B0B0ADC72FF22617AD75AD722F682A9A2D95A7732EEA301AAACA304E2D7A2B69AD1A2F883302291C2D3F34E0AA38AE2927AF2E94B397256130BBB32A28DD
3341AD2B2C73328B28E2A527B02B1DEF2482AE94A6622DF5B0EFABA5ADC1AC25A4BF3143B3F2B2B4B1FE307B30E5AC9BA0DAA831AED528993673A368ACA030BF295D2DDAA7AD2638AC7BB0E6AD7DACBA1FD2B04A306CA87A2AAA333CAAF3AA03
2FCD29BC2E5327E33188AD04A8BFAED235C3321D2BF1AA712B53A745AE4E3154ACACACFEB09CAC4AAE5A3113A9D72CE6307AAD91AE05B1842A2B26A59DF0ADF9AD2BA9B81C9FA14730F8203C33D2B1BAA524322BA73D25C1A881B42531DE2EF7
AE8BB0F0B2BDAD963021B21628A5A8DDABE82E5B2E572E0EB276B2B7A76DB38B2316AD379D992C16AC2AB41F2B63B3AB2F3031E22C4E3146304CB1C8B6143053AA50300B2F3F2623313EB2342936B23E27C031DD1FECAAF024092D9B35CBAED0
00000000000000000000000000000000000000000000AE22000000000000000000000000000000000000000000002C9100000000000000000000000000000000000000000000B42600000000000000000000000000000000000000000000A93B
000000000000000000000000000000000000000000000000000000000000000000000000000000000000000000000000000000000000000000000000000000000000000000000000000000000000000000000000000000000000000000000000
000000000000000000000000000000000000000000000000000000000000000000000000000000000000000000000000000000000000000000000000000000000000000000000000000000000000000000000000000000000000000000000000
31E9A97BB162B0F4A978B2EDB53BB16830EC31352CCF255A2C60AB47262A9D8BB2FDAB14B13130EF2E67ACA9AC56B02434AEA5532C862CDF29382F9C2917ACAAB0F92FDB2DBE32F222A8325D2091A8BD2F4998E72CF62B79AFD3AB0B2CE3304B
B08D2A5EA8A2B3A828082AAD30A8B38624F32FDBB102AD1832F61C44B3AA300628642B9DB0A2B27FABC708C4204BAA0AADC3AA6E2C5D246AAB322EFBA5F4B22630E92FE529DF26462F662E261B7A2E6B3374B4C71159ACFF9A0B2D4E2DE92EB9
2FB3B187AB742914B06B301E32122EB62B27A064315A2CD8A2A12FA8AF7612C83075AEAA2EF4ACB829E32AC517ABB018AB0FB127A132309BA586B46B2CAAA2B719D1B0AEA920AF76AE17B37630582F552CD7356EB05B2C31ACC1AC1CB065A1A0
309FB3B6B0832CFD2BE12F91B10EB0682A4C20E0B28A30DFA84631C3AA71AF72AB0C2D0727BA303723DAB383ADDD306BA87A1D4823692C05B18EB0EFAC63274334522D902F9632912F30303FA52DA86D2DBD2D34AF0EAF85316430A32F41AD06
299AB0ECAD1FAF45AED531169E40AE5F304BAE8C2F1FB0081908A603B1ADB49F2A18A2E22F69A6FEB00431802DDC2D2B2FA12EAEB2C8AE6A2D6BAC3BAFC49A22B148B2EBA8E423D4AD5E2515B129AF58AD723017AE46AAD52C1128C433473017
A843AC093118955D2E53A2C5A62BB0B52D43B372A7552D42AE919A1A9C51AFE5B4AE31AE2A31B358A0C2AA04319E30DAA4E23391AD6A217F2C582D3B285E3115B051ACEFA937339825CEAE3CB0CEAD25A4D9306CB33E27AE2DAE28DD2E1F30E8
000000000000000000000000000000000000000000002A1F00000000000000000000000000000000000000000000AA290000000000000000000000000000000000000000000029B500000000000000000000000000000000000000000000B0E4
000000000000000000000000000000000000000000000000000000000000000000000000000000000000000000000000000000000000000000000000000000000000000000000000000000000000000000000000000000000000000000000000
000000000000000000000000000000000000000000000000000000000000000000000000000000000000000000000000000000000000000000000000000000000000000000000000000000000000000000000000000000000000000000000000
AA41AB743396B1E2A72A34AB2ECA30312C642DC52DC2B128AE08AB2D353CAD21A82BA771B2A2339B33462832B10B326131DD21C9B18D308FACC92D6F32F4AABCA602AC73B0D2B1FBB11BB2C5ACE435A42E39A873305B2E2CA65E1C44B10D2B75
B3D6AD1DB0572FF08E41AC45B2A0B1162C6CA99AAA7DB1D02F53ACFBB5A8298EAC1BA0492EDBA884AD53B13AA6A22F272FE22E05A8E6A8E7AE28AFC12C2A9BBE2F2EA8CB2D57B1B7AD182AE62D3DB041B5ADB1D0ADE724D4B361B0ACB19D2E4E
AD10A29EA19EA4B0B2172A14ABC8342BAF093085312E2CD0AC5FADDE2E04B020296B31ED3257AF0BA98531571DECB02EA64834EA2B3CACBAAF5EA64E25292C30B0B4B076A9FAACCEAEDBA2E3ADD6251323E2AAAF318090EA30C5ACD92D193219
AD2AA413B1C32F4830132CE02EC7B211B25827D9B2EBA5EF3088B3252E9A25CAA6AF3437AC29B1022E95347EB05DAFA628C92C3EA676B5BCADA797ACB125A849A89F2905B57229592D592F392D752CBAB250AA1AAAADB11AAB3A2E65AD3FADFF
AD6E26AC2B70A5812D87298AAD1FA8BCAD9CB16B3149A6D32ECD2527283CB138AA66AF0596CF13AB303FAD12B1022D79A850323A314CB25EB39FAE72AAA8B337A628309AAA74AC6E2B6AA0F7B17F2BB8B1EEAEB5B0AA3163B299AC46326DADFA
AEE32C35A81D31C62D6032F4B292B10BADBFB21E2C5A328029793263B498280BAEF4ACF0A8993381A21533D8AD54AD5A2575332025BD2C922CC229FA1D3431C43308A65E2F37AAC2A3D1B43AAEFC2EB5B0462C032EB21A8130B12F6A29E92BB6
0000000000000000000000000000000000000000000031B5000000000000000000000000000000000000000000003426000000000000000000000000000000000000000000002CC2000000000000000000000000000000000000000000002013
000000000000000000000000000000000000000000000000000000000000000000000000000000000000000000000000000000000000000000000000000000000000000000000000000000000000000000000000000000000000000000000000
000000000000000000000000000000000000000000000000000000000000000000000000000000000000000000000000000000000000000000000000000000000000000000000000000000000000000000000000000000000000000000000000
2CE23419A7FAA6FB3096313FB4432A50B4142CD0B0863030B092B240AC8C3491AFAC1F2B2F1430E52993AB63AF322DCBA242336830E824A19FD8AD112B2E25293500252AAD2F2929208DB431A9A6B47CAC68AC5E1F8830B6AED4A9892A538C13
2CA0ABE72A933061A9F5AABC2903B383B36EADBBAE772994B09CAEB19C64292425FFABCC2E30B410A9D428CE293A2E5C3304A611AAFBB18C9C772F9AAF29B456B02BB1C89EA9A622AE14ACC2B1FA30AA31BE2FCF259731422FB3AA402B67280E
1B74309BAEBA2CF72B7B2FC430AA2C91AF52A2A628572FAB30632F6D2BA92E8134892E69B19E2BD52E98A858AA3DA9D92F6C16D929FB2A55B2C9AEE5B0F72C7D2DADA6FE2D95ACCA24112645AC16ACC0A74F1A3EB1C71E73A99B2B3F2514B055
30EFB2BCB3B3A4FD25F1B3332B25B0EBA60AAAF329E7A201A7CAB4D8354727C12405A91D2E73AED0348B263BB090AB4DB0FC315030AEABD2AC359C8EAD1EAAFF28742D7F33172AFF29502C792B012B8624C9A50CAFDAB1D5A95615222DACA719
31932A9E2B279CC72F11A9AC29983125A70A30E0238EB362B4082C65AD0D302E327A30F7B179B0ED2AD7A0FFAD91AB9A300D32B134489F0A14B12ED1B44A2FA62EFDA7423240B41C3200AF58B04F29DFAF782CF1256133AE2A06B15E2ADCB27B
B1C42D6332EFAB9FADE8AEB12EEB309CACD52AD4B1679993262731613061AD65B28F2470B01A26731D942A212F10B05AAEB9ABA51FAD2C7FA9DC2E67214821442A2A2E5DAE42B413317833342AEB2C82B2A8AE1D307430383302B3912F48282B
00000000000000000000000000000000000000000000B1E000000000000000000000000000000000000000000000AC0200000000000000000000000000000000000000000000AB2C00000000000000000000000000000000000000000000B3AC
000000000000000000000000000000000000000000000000000000000000000000000000000000000000000000000000000000000000000000000000000000000000000000000000000000000000000000000000000000000000000000000000
000000000000000000000000000000000000000000000000000000000000000000000000000000000000000000000000000000000000000000000000000000000000000000000000000000000000000000000000000000000000000000000000
B45F270FB017B1DAAC40AFD39DC32DC12F3F2FD730C92B8C30282D6C2EE9AD0033DCB0072C18A7042DA8AB4A292AA79A2BD52CBEADE4B10FB0BBAC5D2B94B3622021AB3FAC902EEEB241B1E4AFDC330AB45F20C7B2AFA8DD2E242D90AE05309B
A6F5B3A532BA325BAD83B49634429F4AABA399BC2E14A12EB0472DA1A769311631BAAA6D29CD2491A12F28ADAE47A686B481B23932A832CEAD752880B56822F02F612BF92B7E29D4A6C81CBF2CC02A033389AC6422E8A62EA568AFB02882AF17
A5E23057A0B52E75AFF3B25728FD2E43AD3B2CA43163ACED1D682DBFAF66AF91314E26742EFB249A323AAD2D2D4C31042D6A9F4CA63D2901326FA14A3044ACB5B145AF06AD80AD14B277AF502DF3B5C1AFE0308C1C629E36290E285FA5FBAEB4
33DA2C2D307AAF7CAB02B013AF05A47229F62C38219720BC30CAB0592D852DB9AA232CCD2F6A29752C53B03032B9B0ADA4142742A7FA2F0CAC27303BAC669AE3295B3028AD2F29732CE33230B09527642BB0AC0E2EAB2583300C2EEEAE6030BD
31D5B1442E1CA5C032862B2C2D5FB4BFAE3BB0B52FE22B63294A2F8D2BF2ADAD28B8A815AA4DB0F0B03FA8D8AB45AE5BAE98A14F31FD21F32A53A98B2DE6AE9F278F9E11A910AA33AB0E312B2E4FAAB731D8B261A4692F4AA8AFB3C39D6725C0
AC4A2B10B026B0B3AA82234BAE58AC2BAFE3AF832F37ABE4B2E9ADFDAAA034A631BF1ABC30B029BC2B58B3213644A676AE4AB392B02AA678B26F32872D9A30D2325C28B4B151AE7EB33C2D00261B2B7B2F26B4C4B00427272C96AD9C2887AEA1
00000000000000000000000000000000000000000000302300000000000000000000000000000000000000000000ADD700000000000000000000000000000000000000000000AFD9000000000000000000000000000000000000000000001570
000000000000000000000000000000000000000000000000000000000000000000000000000000000000000000000000000000000000000000000000000000000000000000000000000000000000000000000000000000000000000000000000
000000000000000000000000000000000000000000000000000000000000000000000000000000000000000000000000000000000000000000000000000000000000000000000000000000000000000000000000000000000000000000000000
