A93F312E27D22B30301CB1B234A9A8C7B1BBB06FADD22C1B27CD2ED3AA422ED6A56D2F87B05F286F2D9CA491A68330FE25F0B2B82BF0AC212AF3B048ADD31CC12837B065B45D2EFDA679AC2E2D1B31A6308025562BF72D6CAF2E2DF9AF64244B3173B25F2E91312722242D3FAD58A16EAB463227A63DAFD1303CAA1D3117AC97
AD6FACC5B10BA76B30C3AC3AB1C7B09AA9B431C1B3DC31EA2B89A508B0DBA9A11E08ACA9AB213094A912A80031C22560B092A81B2E37AE4CA56AB094B0042E54B026267131B7A5362C4CAEE421AA259A9D53ADC5AD05AE262975AEF7A713AC88227CB5889091A30DB5303029B22BA88CB0F4280C2ADEAB4EAEB3AE90A4E73176
000000000000304500000000000024E30000000000003249000000000000AFA000000000000034DD000000000000B1A0000000000000AF79000000000000A3300000000000002F7C000000000000311B000000000000AA07000000000000A82100000000000033DD0000000000002E6C000000000000315A000000000000AE0C
AA66B1B2AF8B3275AC3DB0AA3011296BAFB7AD2EAE3D2D772CB1B2CB351132D926A52BEAA809AEA79DA2B009A408335DB5AE2C332EDEAF91312724CB982A2E482A58B16BACFEADEBB473265F1932A699AAF39ADBAAA5290C30702CD7A7F1ABFB32262D6BB27AAABE2EA1A607AE1A3107A6D22B1F2EC8B0E32D8422BF30A8AC7F
B1A32B1FA3B4ACB5ADEE1C99AE781C85297B2F6B2CC8AC9CAD7F2F751C1EA774ABAC2CA628CAABB12F4529C33129303525FCAD36A91EB47C3021AF3DAA823380AAFDB03929CF2AE0AE6E300CAEA9ACB4343735BAB1152C38B1A8B42128EF29DBAE62AE56993CAC1A308129F9298EA2753176295226E83524310C2E1FA014AEB7
0000000000002B5100000000000032D40000000000001A2D000000000000AE76000000000000B01E000000000000B0490000000000002B03000000000000AEF90000000000009256000000000000AD85000000000000B014000000000000B4F5000000000000A7360000000000002C6C0000000000002E6E000000000000AC04
000000000000000000000000000000000000000000000000000000000000B06F000000000000000000000000000000000000000000000000000000000000A51900000000000000000000000000000000000000000000000000000000000031740000000000000000000000000000000000000000000000000000000000002E5F
0000000000000000000000000000000000000000000000000000000000000000000000000000000000000000000000000000000000000000000000000000000000000000000000000000000000000000000000000000000000000000000000000000000000000000000000000000000000000000000000000000000000000000
0000000000000000000000000000000000000000000000000000000000000000000000000000000000000000000000000000000000000000000000000000000000000000000000000000000000000000000000000000000000000000000000000000000000000000000000000000000000000000000000000000000000000000
AA7AAEA5323DAA4522B022862F2A31902FB13140B1C4B13F2E06A6FC300D2F57AC9124AC2BFCAB36A801B034B262AF7E286AA5A0A9C52CCBB0A4B1DEA52DAC0E30759FB02C57AE9FAF62B0653369B1D52F71298E2482206BB017ADB19FAEA2E1B091A1FE3338290DACE5A1A9A9B8333E24F4AB7B314B185BB02BAC123017A4C0
B0B030789FB2A8CBA935AC78303031602D99B3F8A185A3DEA9A52CC62ECA9F192EF429E4AC5DAAD6315A14BD312F2F7630F3B36A34683133B1C7278BB0A12BBF2C942DD3AFFC2B4AAA7828183281289B2E46A8052EDE2D66A22024C82A5EACA9B408B3E5334BAC51AF28829E2C77B0653129A8FCB094A5F4A33AAD382101A148
000000000000B207000000000000271E0000000000002EEC000000000000AA8F000000000000294000000000000016BC000000000000AC650000000000002163000000000000A40E000000000000AA740000000000002D710000000000002E34000000000000B336000000000000B10E000000000000AD940000000000002156
B062AC952BEE8CFE3514AD07B08D30DCAD58A50A259BB19119722FB932E22D552EAE316AACC7AB2BB37127A3A40435982AA7B209ABAFAF1BA69D184D32183066319A2983B0F7205EAFE6A8732BDAB380A3B230462F60AC9EB115AD963090A99333E2B2CBA965B44230392D932E4B8DE9B31EA9DB1C7D311EAEE7B3FC3034B194
28F9AAF5B0E9AD832844B224B1EEA971AD60293EAC76B2AD28FF28FE2D942CA8AA79266E316A2E78A63CAF66A26F9D8BB0673344B1FF2E37B0432D3F311E2A88A3D8308DAD6DB4462E412DEEAF23A3E934813421AE30B07B31D5325E251DA3B2A9B328F22B21A682ADB5B077231BA98BADFB2E75ADFAA2EC27409E9D21852A07
000000000000B1750000000000002ECD000000000000AFA9000000000000B4F80000000000002DFB0000000000002F0B0000000000003105000000000000AD92000000000000B465000000000000B11F000000000000ADDC00000000000032CA000000000000AECF0000000000002D830000000000002A61000000000000331C
0000000000000000000000000000000000000000000000000000000000002AFC000000000000000000000000000000000000000000000000000000000000B2660000000000000000000000000000000000000000000000000000000000002ABF000000000000000000000000000000000000000000000000000000000000AB12
0000000000000000000000000000000000000000000000000000000000000000000000000000000000000000000000000000000000000000000000000000000000000000000000000000000000000000000000000000000000000000000000000000000000000000000000000000000000000000000000000000000000000000
0000000000000000000000000000000000000000000000000000000000000000000000000000000000000000000000000000000000000000000000000000000000000000000000000000000000000000000000000000000000000000000000000000000000000000000000000000000000000000000000000000000000000000
AD3A2DEBA3DAAC9F380FA7BE31EEAAA4AB26AEF128A92D89AD3EB237B211AE69B4BCB58B3240A82F2A2528CFA698B182AE6925CC24B6AAC7A590AFBCAF3CA8072D34A8F82D172DC7A8E0A59AB48DA9D22A9CB05B2F0F2EB92AE1B108AD322E982F4B31372D53B41931B8AD1B2B1CB1282C82AE6B240D20FF2843AF102DCD32F4
2E3DA8CE217F2692AE9934FAAA06341AAE83B1322D5C2CC630011F7DAD40AC81A8582E651E30293DAD8BB44A2826B193A0D2ABA7A8163063ABE5A5812E8A268C313630A2A5D3B1D12C75AE65B0BAAEF0AC372A6CAE01300AA282ACD1AC1CAFB82F4BB13133FAAD42B277ADF82997290D2C8A2CDF2D4E3222AC292FCDADA8B05C
000000000000B1A400000000000027360000000000002E8A000000000000A686000000000000258B00000000000021830000000000002AD70000000000003027000000000000A50C000000000000B2FB000000000000AD82000000000000A6C6000000000000311E000000000000A8D300000000000026A30000000000002377
31592B8729C4B1E725012FCBB02BAA42B0CFAF1F24731AB8ADE932FEAC2628A1A8A930FB9714B47FB598AD84A9CB3116A8182103AA16AA7BB127ADBDB2AB2CEAA1EFA7E4207CA866357D2626B021B07EA75C2C5F3448B567AD5C2D7528A73395B14EB02630BD2CB9ABDC29B2A6573156AC8EAB72B05B29EBA565A50128BB2C63
2AD6AAE924042CC2B5682A802A7CABC83375B1881ABDA430AA8D3242AD09A630A7D9A59CB0E82C98A45027BBAF13B24AAC1CAB0630D0AD5AA9BA2C63B1F52D16B085B18D2F942A7CB1073344B1011A48AB9C325330202D0B1E5F24B927072DDA2A602C4EB0202AD4AFBCAE8FB0D7280CB28630A4305B2F7A3574B30D27FEAE27
0000000000002C610000000000002C070000000000002F2F000000000000A02B000000000000AC2C0000000000002704000000000000116F000000000000AA1B000000000000ACC50000000000002F0A000000000000B0910000000000002D480000000000002E8E000000000000B483000000000000A9A3000000000000AFF7
000000000000000000000000000000000000000000000000000000000000311C0000000000000000000000000000000000000000000000000000000000002B870000000000000000000000000000000000000000000000000000000000002EEB00000000000000000000000000000000000000000000000000000000000030B0
0000000000000000000000000000000000000000000000000000000000000000000000000000000000000000000000000000000000000000000000000000000000000000000000000000000000000000000000000000000000000000000000000000000000000000000000000000000000000000000000000000000000000000
0000000000000000000000000000000000000000000000000000000000000000000000000000000000000000000000000000000000000000000000000000000000000000000000000000000000000000000000000000000000000000000000000000000000000000000000000000000000000000000000000000000000000000
B2E3AC59B2C9250CAE70AC6E29FDAF62A1F1AC5FB2D72A472C4B2F8FA82EA9F030343145ADF9A94E2F1D161A15F9ACC62D2630E72213AC51A8DE2C61A9FD28B92C9930CCAB2DB0CDA1FB28E12CA4ABA8AA082CE92DEFB3742D18A80C20A430A532031D8D2F1DB175B1C5A13FB077B18FA88313C3AFB72B2E2A302AB0A94A3040
AC9C2C2C306428F2A932AFCAAC68287131EF33A3314DAF902C9CA6C5263127EB317C2A4DA834B06FB346B43CB33B1D9A2D522CA5B08A2B33AAE1AEDE9CB4B059AEACAD07AED9B309A5BE31A6B43225F42ED7A8B428AFA684AF3DA94C30962600B1B52E0B2D63AE252D682488B15A2F5121FE3014B2662A08A58930E2AEBFB07F
000000000000AF0D0000000000001C65000000000000A03E000000000000A919000000000000A57900000000000021C800000000000094E30000000000002F720000000000001E2F000000000000AD72000000000000AE800000000000003004000000000000A2E60000000000002A00000000000000B0FB0000000000001964
2D7F310DB2612F7633D531DEAC3D3255B2B332C12C0C2A80B0E1B0DE2C86AE0E2C4E245531A9A01B2DAFB0D0AEB4B057B10FAEF02738334BB1AC2E33B2F7AEB2AF252D9EB07DB0F52AACB45AAD4B31D72BCE30D3AB149757A59128F928CCADB431D53422AD00B3942F4B32BA3311AC27ACADB184281F2C99301F31A228D1AAC3
2413ABF8311BB10EACA3B037B247B24B241621EFACB981FFACD0AB12B4F0A8FF2EC7B004353BB09528F3A7BF328A250AA1B12EC1B2A72F342DC131E4AD1930DD2DD82F55A86F2D4CB0B8B25916289C3831842D252FD8B023B1CCAC47A3D735852DB232ECB131B2A9B0172ECA1F25A847AFDFAE831C1EB038A2B42D30A8AE257E
0000000000002DB3000000000000228A000000000000A12C000000000000A8B6000000000000AD970000000000002D5E0000000000002FAA000000000000A83600000000000034B7000000000000B019000000000000B01200000000000033170000000000002CC90000000000009EDF0000000000002D6B000000000000B4B9
000000000000000000000000000000000000000000000000000000000000280A000000000000000000000000000000000000000000000000000000000000B1F1000000000000000000000000000000000000000000000000000000000000A0650000000000000000000000000000000000000000000000000000000000001DA0
0000000000000000000000000000000000000000000000000000000000000000000000000000000000000000000000000000000000000000000000000000000000000000000000000000000000000000000000000000000000000000000000000000000000000000000000000000000000000000000000000000000000000000
0000000000000000000000000000000000000000000000000000000000000000000000000000000000000000000000000000000000000000000000000000000000000000000000000000000000000000000000000000000000000000000000000000000000000000000000000000000000000000000000000000000000000000
B2E71CEAAE37A277AB2DAD64285224E9282D3559306A31712D96A67F2976AD7CAACDAEF5338E2C8BA71EB380ADAE30D82D4BACC1B1AB2A8CACDC228E9D6431E9B139ACD1B013AA0D303029462E3B2C181D4A25F726FAB1989AB32E1118B0950FADB73064A90C17BFB0BF26DBA76CACAF2E5CAE691E09A8633067AC9B27A331E2
3051B40BB225305333522C7D22FCB21AB4713289A9FC34BBAF69ADCD255920EEADC2AD2F95E5306AAB01ACAFB6E62F1530C4AFFF306729CBAD0AB091ADAC308E95A4A5DCAEFB2C6D1E16A7DAB0A724A224B3B2FEA8329C46B1321ED8AEDC2C0BAC3F325B2C461F3AB0DCAE66AFB1A87BB100B0AC33F2AD662A89AEB0AD48198A
000000000000B20E00000000000025B6000000000000B3EC000000000000312D0000000000002D400000000000002FC3000000000000AD8B000000000000B1820000000000003218000000000000B0D8000000000000B201000000000000AC920000000000009FFA000000000000B345000000000000A8CC0000000000002D87
B2372C472120ADB92E4A3140A5812E21AC19AE70B0822A042972AD7C3279AF12AF2A2BBD30463085AFC7314125E3AF49B0B2B067297C2FB1AC7F33132C062E1C0B92A6CBB1DDA7BF333D1D4631B230872BCF279624722F1AB2732CD9AD69A711B23D2FB5AD41AC90ACECB368B289AB92AD7BADDCB1A42CCF2EF9B29133A2AF97
AD21B009AE55B2E22B5AACA8283BA96D2E7F2EA3ADF8ABEC3148B08FB2DA14A4A8DCAB762D98949030D5A6422F0AA8532D8AB04CAAA2A83528032B2918A230482ADC26D6AFD731B5A70633A22DF1ADB6AC19306AB063B0802C322FE99F4BB72BA318AB5BB087B17AB21D32D92C362A0F214CAF8CAC7F309DB01EB09C2A5FB489
000000000000AC75000000000000AC9B000000000000B187000000000000A15C00000000000030A2000000000000A86B000000000000B24600000000000031DD00000000000030A0000000000000B0B7000000000000AE8B000000000000A790000000000000B18A0000000000002DC6000000000000A2B2000000000000280F
000000000000000000000000000000000000000000000000000000000000AC7400000000000000000000000000000000000000000000000000000000000031FD000000000000000000000000000000000000000000000000000000000000AD0E0000000000000000000000000000000000000000000000000000000000002CA0
0000000000000000000000000000000000000000000000000000000000000000000000000000000000000000000000000000000000000000000000000000000000000000000000000000000000000000000000000000000000000000000000000000000000000000000000000000000000000000000000000000000000000000
0000000000000000000000000000000000000000000000000000000000000000000000000000000000000000000000000000000000000000000000000000000000000000000000000000000000000000000000000000000000000000000000000000000000000000000000000000000000000000000000000000000000000000
B0B82DB9AB9E28ADB0D427EF348A2E46A7A2ADCE2F7D2FFF2A32AD0F299327609DECB0A1AE8E2E94AF1A31FAA57D2BD1B474298432933140B04E2D2B300F304F335433CEA6E032BAB04F33BE2530B02FB44CAF61B05924C22B4E2E112C732BDEAA9BB1B630012D6B322A30A8A4512B04ABD52CFAAD99366BAE0C2D46AA42AC1A
A4C4B0652C93B6A0B063B1FAA9E72861AE3DB17429282683AA452D7130FC311FB0A5326F27702E24B22731A5255324D0AC2EA961321CAFFFA0FEAF8CA478A53F28F62AB52AD433EEA0D1B13CABED2E8AAC1631722665323BB2262B0CB030AB241D1D29752E971FF5A78DAED4A257A6B52E8FA8F72FB3AD3DACD8AFBBAC16B1A0
000000000000A8660000000000002D420000000000003364000000000000AC59000000000000A51D000000000000AD5E0000000000002EFF000000000000A8D40000000000002DFE000000000000288B000000000000AC1D000000000000AD3600000000000020B70000000000002FFC00000000000030510000000000002A64
2A032EBCB0E128A62C24314C30472AB930C52BA5AD8AADC6310B2FDAB00D342DB0E2A3492D392A7A20DE2CBE224AAB6CAD86B035B20CA97EB100B0DD19A92D202FAEAF069D1EB05F302428A6A87C2E1C2B3EAF0D2BA22CEBA49CADB8277E2E86B01CAEBFB08EA82F2C40B0861CC42AB22467B03433DCA892349EA4D52E0CAC7D
AFFAAD239783B1E3AE1FAE453534B486AEB9AD27AA3A2833ACEDABF92B80A995B3B031642BBEAD5FACC6AD662E1AADB8A0DE31302A3DAA0F2FC632D02B073017AE67ACC8B3DE347F21DEB0272C06B17030922B0DADB82EFEAD26243A326C2F3F36112D90A5C5AC99AE672EA5316719872C4730B2A8AFACB62FCEB070B234AA61
000000000000AC4B000000000000B16B000000000000AD8C0000000000002EAD0000000000003335000000000000AE69000000000000B0C4000000000000B41E000000000000B3F1000000000000B14400000000000029A30000000000002B220000000000002FCB000000000000A456000000000000A9690000000000003276
00000000000000000000000000000000000000000000000000000000000024B4000000000000000000000000000000000000000000000000000000000000ADCA0000000000000000000000000000000000000000000000000000000000009AA3000000000000000000000000000000000000000000000000000000000000B349
0000000000000000000000000000000000000000000000000000000000000000000000000000000000000000000000000000000000000000000000000000000000000000000000000000000000000000000000000000000000000000000000000000000000000000000000000000000000000000000000000000000000000000
0000000000000000000000000000000000000000000000000000000000000000000000000000000000000000000000000000000000000000000000000000000000000000000000000000000000000000000000000000000000000000000000000000000000000000000000000000000000000000000000000000000000000000
AA11AF672DA6B2F933763358AED5B4A0B1532E722FACAF86308FADE1AD5323AAA9DF344031D9ADE1A994AE432E142BB32F5C317F2BB3AC232A90AF422E11AF11333AAD9C2EA9AFE32DE52F8BA6D7284EB035B0BA359B2D242FFAACF12E0126A531BB94BBB32A2C452F16B45329562DFCADE49EDFAF4132B3AEE72BF8AAD52BE3
AF4BA55E30FDB10C34EF25B3A9FE2C812E832EB83161AECDB0B825C8A573A0CA26C22C40B0671CE1299627A92C922EF02F912849A60AB0982BE42EAA2D912E99B266253DB1992E3827B7B136ACCA325A2854B253211133762EFA2B8A286B336BAFC52CE6AE32B14DAD022CB13039989BB092AF5731762C05AD7DB1A3B1FBAFA8
0000000000002F930000000000002A17000000000000157C0000000000009C35000000000000177D000000000000304C000000000000ABB0000000000000B124000000000000B015000000000000AF3B0000000000002B2F0000000000002BC70000000000002DCA00000000000030950000000000002C26000000000000A329
2855AEABA3A0A586237A2991AFFAAA6A1D2F3025B09E31E331B42D10AE111F09B2D92EE1AFEDACA6AAA83112ADA02E92AECFB00D2D2EB11E246EB420B156A645B17E3037A7EE2C16268FAA7E3402A5302542316821F528DE27FB1CE32D28AB84294C2FC2276CB2C7322029A625402E30AA04AA22A448324CA8D0AF83B3A9B036
B08E23482F34AC9E25BC2F662EFBABB62E98A850AFDDAD3630ACA17F33642771AF4034C334212EB82C8CA45C32879E1E29142EFF36B311971759B015ACBFB0D02C282259306A253D33B8AF69AB05204928912845A8AD3228AD45B16DB144AEDCB0CCAB45B172AE223136A3F7B188306FAF3B2B5D25799F332E1CAEF6AC932126
000000000000AE77000000000000329B000000000000B11F0000000000002D28000000000000AEAD0000000000002FFB000000000000186A000000000000AE5A000000000000220E0000000000002E710000000000002CD8000000000000AC320000000000002D9F00000000000033BB000000000000B38500000000000033DF
0000000000000000000000000000000000000000000000000000000000002B4C0000000000000000000000000000000000000000000000000000000000002D4100000000000000000000000000000000000000000000000000000000000030D20000000000000000000000000000000000000000000000000000000000002487
0000000000000000000000000000000000000000000000000000000000000000000000000000000000000000000000000000000000000000000000000000000000000000000000000000000000000000000000000000000000000000000000000000000000000000000000000000000000000000000000000000000000000000
0000000000000000000000000000000000000000000000000000000000000000000000000000000000000000000000000000000000000000000000000000000000000000000000000000000000000000000000000000000000000000000000000000000000000000000000000000000000000000000000000000000000000000
AB0E2BDEA940A1012E2CB07DB3BDB0FFB023AD801DAF2F4F2A9CAE229C172E9F27FF2C7D30C32D9B30C7AFDAB0942D70AD27AF16A73CB420ACBE263A30A5B32F27123371A82CA94C2E6235B7ADC72BCA3386AA7526B4AEE9A2DE2B02AE3F2DD5ABD4B1532401B3382EDBA9B0AEB8A9FB3013AAB5ABDBAEC2B2F0B09E2D88ABCF
948AB4C328302D14B1D5A50FB13532B42F21A8D22D5CAE9527E8300122BD301A1C9430482AAE196F9ABC34ED1DDBB63933332CD0277A9E7EA8B42E3B2FE0AAD9218C32823036303C31652F43B42FA5B1AC77AE53A83124B80DD72E06AC0BAFF1B0092A15AD84ABACB165B19C2584B0CAB4AD313130ECAA9DAED42FFFAF4F2DF9
000000000000A973000000000000A86B0000000000002BE7000000000000B08F000000000000AD530000000000002CD30000000000003154000000000000AAA3000000000000A0650000000000002FF70000000000002E1A0000000000002C22000000000000B26400000000000027DC000000000000B391000000000000ACF8
2EC42B3530FC28AF2DF9AA262FE7AEAC2FEF2101AAA2ABCD2B6CA53BAD36AF0925AB35FCADB7288D2C41AC41A8A9B2DEAE30AE6AA9BD962D2DFD2C22AB92305E30C1AF6E243E310DB367309B9A8A2FB72BF2A4A931CEAC77B226175E20A1AC7F309630CC2BFD32091EFE2DAD3086AF83A4952B4D2BE5A5E6A575ADA39BF233AA
AC3FB3209DF0AA2E2869A97BACD9AA4C2E29A05E311EB093B087B0FC221CAAFC29552CCEA64D2DDF2C61AD84A4F0281DAFEB310BB415A0E3A55FB173B27AADB6AF73B046B51CB2492C7EAD202DC82383ACE82F2B279C274D0AEEADEAB0579E792E8A297AB34C318AA8B5AED733BD1C50318832E12A0AAC87A83CAE462F252CD2
000000000000B3B4000000000000ACA6000000000000B13E000000000000AF2E000000000000AFAF000000000000B161000000000000A19E000000000000AC0900000000000027070000000000003036000000000000AA7900000000000025310000000000002FA400000000000034630000000000002F47000000000000AC75
000000000000000000000000000000000000000000000000000000000000B733000000000000000000000000000000000000000000000000000000000000271D000000000000000000000000000000000000000000000000000000000000B02A000000000000000000000000000000000000000000000000000000000000A9AD
0000000000000000000000000000000000000000000000000000000000000000000000000000000000000000000000000000000000000000000000000000000000000000000000000000000000000000000000000000000000000000000000000000000000000000000000000000000000000000000000000000000000000000
0000000000000000000000000000000000000000000000000000000000000000000000000000000000000000000000000000000000000000000000000000000000000000000000000000000000000000000000000000000000000000000000000000000000000000000000000000000000000000000000000000000000000000
B343A8212CB1AE95A8DE9EECB0B62E7429602342AF4BB1E32A5DAE11ACE6AAB52F86343135032FB530A82DA7B32C2FD831B12E3525363324B05AB0691DAAA8229155AD482EF92E7EA52BB33BA85F30D7A80FA26F32EF24621C61A6EB2B292BFA29392D9425C3ADA4318EAEAE31942EE4AB2E30D0B18A31B18F00ABD61F94312C
30DE2F1523102D40268C1D58A0BC33ACA4892F97ACA931D7AA422003A96F2A36AE722994B05D2C06AFB8AE6D2BC8B104AE44A537A2472921A5BCA46CB045ABB19746320CAF23B1AF3033AC1DB01830942C103008ACFA2CA42916B10A2C053057A79831A034E7306532F4B22C888BAF762966A97FAB2CAEAC2F942B7FAB462CCD
0000000000002F1D00000000000033EB00000000000030B7000000000000AE3F0000000000002B1F0000000000002DE7000000000000A375000000000000AA19000000000000B1140000000000002EF70000000000002DEC000000000000B09F0000000000003179000000000000AFA1000000000000B0390000000000002CF4
ACFF2C50348FA4E42F98A23C32EFB0DAAF1D340D28AEAA0D2F37B1AA2612B26C2B972D90A86228F62E0BA916B01B97FF304E327327122DA22D4FB06BB24DAABD331A2C47AF7A319AA6C1ADADB1F82F1AB3CD2CF0B02BB1E0ACB52A10AF9AB3D330EC320B2934B2063011B1FB2CE3B2412B542FA6B233B3C4B18C28892F00A957
B4812E4DA11B2C49B3381737299C3018AA8D3198AC8A2979B05A29082A23A8F6AB59B0C92EDAAF2EAA24AC66AFFCA57A3054AD8EB0D2B5ABA34B2E872E59B1D22A812967B32630A99B692E60A601B0E024A2AFF7AC3F2D2D338CACA4339A9F9BAD67B097A5ECA8D02EBAB0F72F5A26092E6426E9308A2F902FE82649272E9EA4
0000000000002765000000000000B05B0000000000002DD500000000000030EE00000000000032C2000000000000AD220000000000002E62000000000000ACA8000000000000288D000000000000A57C0000000000002556000000000000AD140000000000002FD1000000000000249B00000000000030160000000000009D81
000000000000000000000000000000000000000000000000000000000000ABE0000000000000000000000000000000000000000000000000000000000000315F000000000000000000000000000000000000000000000000000000000000B3000000000000000000000000000000000000000000000000000000000000001D24
0000000000000000000000000000000000000000000000000000000000000000000000000000000000000000000000000000000000000000000000000000000000000000000000000000000000000000000000000000000000000000000000000000000000000000000000000000000000000000000000000000000000000000
0000000000000000000000000000000000000000000000000000000000000000000000000000000000000000000000000000000000000000000000000000000000000000000000000000000000000000000000000000000000000000000000000000000000000000000000000000000000000000000000000000000000000000
A7562EC02C30B05CADB52F2FA7B33502A3C1ACB6AFBEAB1C31B52C88B109AF63AF6E30B529D536BCA1FB2B242678AF6529972D1C3285AAB8AE312EFB2E02B1463197A91E310B9599287B2D41ACABB062A928B052A766A3F3323018F8A8722BB7AF35AD362F252682ABEDA013AB9DAF48AE97AB8DB32B2B4828382437ACF92B5B
2474ADBAA096ACAFA00630A62E7C2CDA2FB732EF2DD731D5282A2966AF8DA5BE305E23732DAEACBBA834AF1932049DCD2DDEB017A4B8B1E928EAAE36308F2A4CAA24AADAB033B0632DFFA75AA40FA74CB38CAD102D3BB3B8AC422F94317DACBB335DB0199C7BAF262D4130EEA8033419B130B121AD4BA6DC2E602CDFAF382819
0000000000002BA2000000000000ADD90000000000003105000000000000324C000000000000B1C80000000000002E41000000000000AA950000000000001AB0000000000000A62200000000000036A0000000000000B0FD000000000000AE15000000000000AF190000000000009E09000000000000A8EA000000000000A80B
ACA42DD4A7A8AEC5A9EAB0232A4A9BB62561B00030C3344BB4CA2EC6AAE1324B27C834AE24AC29882D5A2DDF31793041B26A254FAB48378B30E0245533E22AA6ACA2AFA4ACAAABDA22CFAC0CA275B1ACB1D6265FAEDA2864B57333C33214AE1D33D7A55FAF6C19772D4BB5FCACDEB0A924422C1D2DAD3217ADECB0CBA825A7F9
A9072AB32B61AF652B6B330BAE1FB4822EA09DA5335B1F73297BB33630D59FEBA9EFADEDAD872CFB2D342F71A7762F412DCDA847327B2B6F30AE9CC7AF1A1E54AE2026052E1429A8A9261D17A8DFAA57B12594162C83B008A9ABAD0DADBB21162AF5A647A84CA8272DA7AD67334DA83DAE152EEBAAC9A7EB2F4DAC0DB17A27D1
0000000000002FD40000000000002A690000000000002FBF000000000000AC9C0000000000003264000000000000AA61000000000000B2A40000000000002985000000000000AAD8000000000000B1DC00000000000034710000000000002CBB00000000000030260000000000002C87000000000000AF96000000000000B493
000000000000000000000000000000000000000000000000000000000000AED5000000000000000000000000000000000000000000000000000000000000AC4D000000000000000000000000000000000000000000000000000000000000AFDB000000000000000000000000000000000000000000000000000000000000349B
0000000000000000000000000000000000000000000000000000000000000000000000000000000000000000000000000000000000000000000000000000000000000000000000000000000000000000000000000000000000000000000000000000000000000000000000000000000000000000000000000000000000000000
0000000000000000000000000000000000000000000000000000000000000000000000000000000000000000000000000000000000000000000000000000000000000000000000000000000000000000000000000000000000000000000000000000000000000000000000000000000000000000000000000000000000000000
335CA9AA2EF5B291AF64327B2C362E342591A815B2832BAD2E052DF62CB6A8771F0EB0122C192DB3A990A3453397B1C63682B19227952A5E2C599CC7228CADC0AE512D37324D2CACA45CAC87ACAA9E41AF632D652AEC2C25ABC22E55300C2E05AD202AD827A227602C6CA94FB16C358AAD3328B8A8B3A8FF1CB12555A1AFAC2A
32E5ADA232B3A65AA6A1305EA722A952AFA3B2009F6A310D316017B4AC7CAEB729D131FC1F402A3F2AAB328BB0C3A8B5ACB822A0278DA36FB264B0C431B4B0BBAC8A2A66309BA652B11429CC2E332BB2ADA92319B075260DA9BBA907AEE18AA2330E3456AE84AE95ACF19C0DAD0CABD428B8ABE12BDCA141B1CB1F81B157B0A1
0000000000002CA0000000000000A603000000000000A42200000000000019E4000000000000A9E500000000000022370000000000002FB5000000000000A44800000000000030F9000000000000322C000000000000AAF20000000000002F0A0000000000001D61000000000000AD08000000000000B1BB000000000000AC2A
26962DA7B0C52D2EA46330132288A38DB56031D6B453AA7C21E9AEF0A8BB9B4AAFF1A81CA86EB4E02D87A4BB33CA22142E4E2742962CA388A652B1B8ADC02F1F1573A0DBADD8316B2286B01434A6345E2FB0AE11B171A97BB4C72F18A99C2CB3AE99B45DB003A9BCAD0833E4A76FB012330C335CB1B22B2E30F2ADB32B8A27C4
345CAE5D312D314E2C222D65AA7CAB34A247A8482A18AF43AD5F2E15AA8DA3A7AA6B9B0C31EF2F9E2850AC80ADEF2D273067B325B20A2720336DB26A2D262B462D3230432813B030B2F729C89C2031E632DEAF16B0F33029AC33AF22AC362AD5A9C932CFB13DAABC2A19AB58B3F9A9942686AC31AD1A2EA530CB2CBDAF7030E0
000000000000A31D000000000000308E000000000000B342000000000000230C0000000000002A1C000000000000A3BA000000000000A684000000000000B001000000000000B1A2000000000000307B000000000000B5090000000000001D2A000000000000B2DD0000000000002AFE000000000000315C000000000000AD15
000000000000000000000000000000000000000000000000000000000000B070000000000000000000000000000000000000000000000000000000000000B1090000000000000000000000000000000000000000000000000000000000002BC2000000000000000000000000000000000000000000000000000000000000B0FD
0000000000000000000000000000000000000000000000000000000000000000000000000000000000000000000000000000000000000000000000000000000000000000000000000000000000000000000000000000000000000000000000000000000000000000000000000000000000000000000000000000000000000000
0000000000000000000000000000000000000000000000000000000000000000000000000000000000000000000000000000000000000000000000000000000000000000000000000000000000000000000000000000000000000000000000000000000000000000000000000000000000000000000000000000000000000000
ADF0AD2FA78530C6324FB1EB26F3AB572CB5A8EF319E27872CBB24F32F07B0D62F24B0879C62B3CC2BF32E4DA32F311CAFF83033B0B418D6244D293C305EA26AAFB1AD75B1D12E59313C29231E712B10A7DC32A92C7DAD15200730C3ADAC301DB0972A3F2D77AFDEAAB8166D1EC3AFE52FCC33432E913361AE0227DAAD3D2549
2B8EAA3935CEAD0DAD3529A8B22C2D13AC212D07AD742D0328D32963A81F32D922DF2401AE252E84300DB111B2B130ADAC812D97A53AB162B06030DCAF36AC332F222DCD9C862B94ABF02964B02C20C623EBA8EC32C82E812EAA2A5AAFCCA767B3432E239D312BFAB0A533632C5831BD32342C52286E2F60ADF19756B15F2929
000000000000AF6F0000000000002E33000000000000ACE80000000000003072000000000000B48C000000000000A74800000000000032C6000000000000AB1100000000000021B300000000000031DD000000000000A3BD000000000000AC580000000000003068000000000000299B000000000000B0360000000000002826
AAB42EA0A9222D1931A821F6A60E2E7D2EF1A44AAC91A961B021B41220E421DC32D92CD4AA9D261D25692AF7AADF30812D97AE6AB1C0270AACF1B1172A8B32302B8C2CE4B53DB136AC67AD3A345BAEC1B01DA87930702D749972AA842D20A8852F91AB16B31B2EBF30C4ADC8A8A4B2B6ABBF2C86AA5F2CF5AD08AAA81FD3336D
213530C82598AF6935D03352B0F99D47B01230F5A037B42BB08C2E462D2A3074255DA8D630032CBAAAC23325223034AAA9FA8D9026D7A9B6292FAB6325242D3C353FB0E632C6AD88B113B40A9D1B300AB2B2A8633475B33A2EF2A8E034EEAB9D283BB658B10F30842A812DC02FB527CCB097AC2418FA2A6AAC092DA7AFD33302
000000000000B089000000000000A1B30000000000003358000000000000A05B000000000000AA61000000000000B47B00000000000024F8000000000000309A000000000000ADD40000000000002877000000000000B0B4000000000000A884000000000000A510000000000000AF1B000000000000324F000000000000A0A6
0000000000000000000000000000000000000000000000000000000000002BF9000000000000000000000000000000000000000000000000000000000000301400000000000000000000000000000000000000000000000000000000000031F000000000000000000000000000000000000000000000000000000000000096FC
0000000000000000000000000000000000000000000000000000000000000000000000000000000000000000000000000000000000000000000000000000000000000000000000000000000000000000000000000000000000000000000000000000000000000000000000000000000000000000000000000000000000000000
0000000000000000000000000000000000000000000000000000000000000000000000000000000000000000000000000000000000000000000000000000000000000000000000000000000000000000000000000000000000000000000000000000000000000000000000000000000000000000000000000000000000000000
B36F2498B037314A1860315F1E17ACF02F15AF24B1D222A831FE2E5E31331CAC31C1B3F4307E33FF300F2C5130A630153276ABE12A0BAC4FAE65AE612E53B1D02ADB197CACEF241BAC43B227B169A7A625DE2942A9ECAE9F18B6B02BADA6223CB4083023AE53A5FDACE2AE18ACC9A958264928FA2B6EA4742207165BAE0B2C0F
B60F2D2EACE6B1C2AC9829C3AD2C282B25D7B197A7F83480AC50A65CAC201B812B47B005A1E12FC32DCAACBE2783346428AD32022968A0C6AA40A8412ED1ACAFB15CAC4331F02B3F326D22C128F2AF12ADB0AFBD2F73303DB365A7022B1E32A5B34BAFAE188634C5195EB1EA25BC2FEDB434AFDAB1489C342B49AC92149FADA1
00000000000027EA0000000000002D2C000000000000B08600000000000030F7000000000000A8FD000000000000ADAC000000000000B4C4000000000000B064000000000000B32900000000000030A30000000000001FD6000000000000B205000000000000250300000000000085B40000000000003330000000000000AE3E
34A6245A34491F7F9F012CD3B2F3135A2D0D2C54B007A19826611C292FEE2F92A4D12C58B2CA1AFE9E05AF5DB1C3B0EA2908AF6CAC6BA3E82C25A6BCB2DD3046B1E9B141A994A43F2F5AB1462C473273B064311F201B2ADB2E26ABCAB4013357AEF33212B362AD68A8CF3020B321B28B2E5D2F9EA6B11265A9382FF0A2542E5B
2C36333E346AA4082D93216BA03516672A6825C433C82E552E99AED9A661AFDEAF612F97AD63B173AFFEB1C7AF233141B099292726742C71AD202E49AA3FB0222D55A6508C77B4651D1F29E1268EA19F31729EE2322533941D213486A89DAC0C2E8C31DA9EE12B4FAC052064B1DFA2F2B17D3086A8372D4C309525032D643383
000000000000AC06000000000000B087000000000000AC0200000000000027A6000000000000A2DF0000000000002505000000000000B0070000000000002C5D0000000000001D69000000000000B2120000000000002C38000000000000A10A0000000000002E8C0000000000002E1F0000000000001DCD000000000000A496
000000000000000000000000000000000000000000000000000000000000AEAA000000000000000000000000000000000000000000000000000000000000AFBF000000000000000000000000000000000000000000000000000000000000AF83000000000000000000000000000000000000000000000000000000000000AF3B
0000000000000000000000000000000000000000000000000000000000000000000000000000000000000000000000000000000000000000000000000000000000000000000000000000000000000000000000000000000000000000000000000000000000000000000000000000000000000000000000000000000000000000
0000000000000000000000000000000000000000000000000000000000000000000000000000000000000000000000000000000000000000000000000000000000000000000000000000000000000000000000000000000000000000000000000000000000000000000000000000000000000000000000000000000000000000
28702E00B474B00E1BACAEF3B1A1AA3FA99830BE29B3A7B6286D29362BE5A40FA64FA763ADB8B1AFB3F9AA492F6726CDAFC6B3AB35B62C72AADC3015ABC2A6BA0E6928FB353D2C5AAF41B501324CAFF6AECA3199283FAEE928FFB0FCADF4B3622D99B2FAAA8FAEBB349E2E33B0DBAD9C280BACC0B3D8AC9DADE5ADBDAC422ADC
22ED2CE531D82B20B341AECC2A292A1C2AA7A40DAE8E2ED52D31297A306FAFF62EB3A7BEAC5A34A0AA9CA996AC90B0F03151AD95A513AE0FACF1AD363053AFDB299033F22A6133EFAD0B29E4AA29ACCDB32FAD6C2FB0A22DAEC62CF99E7AA8852CE82F08B16A30ECB054301831252A01A405AFA5B852AC8FA4253282B377282E
000000000000B3C10000000000003044000000000000AC9C00000000000030BE000000000000309A0000000000003686000000000000B09F0000000000002F25000000000000AB95000000000000B0D3000000000000A77D0000000000002C5F0000000000002637000000000000ADB1000000000000B027000000000000AD26
3086B12DB1D8ABDFADFAB19726629D77ACA120EF2C73ACC32E022D4830B73186336D250C3090AE323032AC8CB13B30902B982631AD2A2E3A2C5CB0C52EA230343139B4172DE01D2826742DDFAC822B1826642EEE2D80265531872CE0ADC1A4B7ADB02E3FAA5F301FA9B625F8286A2C29A80BA365AA74A8849E03ADE02BEB2D5C
B51F2F922CEC2DD92F0926CA283BAF0DAB9EB37FABA2B1172C08AA5EB164B00C2D22ADFDAC04B29BB073A04723D9AE399D07A88923C12AE72FC02A3AA945A2F6A78530572B93AD272C96310D9FEBB0C5B3902C2AA4912AADB1BEB36629652ADFA56DB0652B4EB3FBA570A839296AB52DA95B1387248431BBA274B0F034892F5E
0000000000002FE10000000000002AC0000000000000B1390000000000002C94000000000000288C0000000000002D0F000000000000B01A000000000000AA5F0000000000002E2C000000000000A206000000000000A1030000000000002AAC0000000000002113000000000000AABF0000000000002D0A00000000000030BF
000000000000000000000000000000000000000000000000000000000000AA8B00000000000000000000000000000000000000000000000000000000000029BB000000000000000000000000000000000000000000000000000000000000B00D000000000000000000000000000000000000000000000000000000000000A18E
0000000000000000000000000000000000000000000000000000000000000000000000000000000000000000000000000000000000000000000000000000000000000000000000000000000000000000000000000000000000000000000000000000000000000000000000000000000000000000000000000000000000000000
0000000000000000000000000000000000000000000000000000000000000000000000000000000000000000000000000000000000000000000000000000000000000000000000000000000000000000000000000000000000000000000000000000000000000000000000000000000000000000000000000000000000000000
2ADEAD2B296AAA0DAF5D20E3A95BB220B0D4AAEFAE5FB1043060ADAD299C283C3231A65FA32E2A652A089E382D01291CB1E7348A2905A9E7ADD82F7BA42AAA8CAFE7AE822A9DAD1DB0F228F1304925D5B4552C08204834052E2B2F4EB11A2C172FBEB2BAAE322887AF27B16BAC4E2E3F30042F42301A1EC1AD8FAD3620C3318A
2C65B02027B7A8F92A96AFE8AC3DA89532C3B580AE6D2F8D2CC42D803075AC60B19EAEF22E07B1952FFE2BCBA9512E56B009AAB8AA35B11D2C49308B29DD2EA92AF62E7E31742578AD023005B0F8A961AA82A748B219A82725E72A7E9C98A8CF290F30FC3162269F31362E9628542E80AFEDB06125B8A018A80E276E30232E4D
0000000000002C26000000000000282400000000000025D1000000000000AF930000000000002959000000000000280B000000000000B18300000000000028B1000000000000AFD0000000000000A49D000000000000B191000000000000211700000000000031E8000000000000B052000000000000305C0000000000002E75
A491AD67B1DF31CE2EC03361AEADB0B3267AB17929E9988CAF61B0E2AE3F2CB7AC773209337E286AB12AAA2EAA79B11229273076352AADA0B062B52E2BF8326AABCD2FF11C361C9BAE2D9D65B33A2E86AE62323033B530EA241333CCACD82F19A63C303927A630A72373ADC1253A30322EC6AA13AC9A345325202CE82D2D273B
B17D9D7BAAC1AD19B157994C22EE32AE3279B02BA04CABBF2A56B40029D82E413252AB008D9E2E61B0B6A1EDAF3EAE72AC84AE96B2C4AAEB2BCA23CDA5E8AD01AFA5A873A81621B12D2DB09DAD4634532F012E8DAE95A83A2448AAAE320FB36A2B5B2DC92B5530C4B480B2ED2F57B424286E2C1232D2B3C4300EAC66B30BA9CF
000000000000307500000000000025B10000000000003565000000000000A38F000000000000A2D400000000000021B7000000000000AF5100000000000024FE000000000000B115000000000000A1D90000000000002F760000000000002A12000000000000B1EC0000000000002EDC00000000000031C80000000000002FD0
000000000000000000000000000000000000000000000000000000000000AD3F000000000000000000000000000000000000000000000000000000000000AE67000000000000000000000000000000000000000000000000000000000000AD5500000000000000000000000000000000000000000000000000000000000029F9
0000000000000000000000000000000000000000000000000000000000000000000000000000000000000000000000000000000000000000000000000000000000000000000000000000000000000000000000000000000000000000000000000000000000000000000000000000000000000000000000000000000000000000
0000000000000000000000000000000000000000000000000000000000000000000000000000000000000000000000000000000000000000000000000000000000000000000000000000000000000000000000000000000000000000000000000000000000000000000000000000000000000000000000000000000000000000
2D4C208D24552FC2B168B05DAEBCA419B197AAC52C3DB41D274E27C7A9972B062C71AEE32856AE982FA9B1182B662B23AC12B32CA933ADD3AB7BA69EB00A3143B1D9AE762240B47B2BA42D7F9F701E762C7E19BB31D2AB45A9B62CBE2E91309CAF79A54625A1AE01A5152E8B33E33030AAD2AE5BAC67AE602D1928BCB020AD01
AB32314025BAA9E6A7F1248E2FA630CCA9B1301EB0CF2A672EB2AC8C1E812C4BAA8B297A308AA839A51FAADF31B9AD0B185C2FA5AC8233C7AD6E2EECAFECAD46241F2EDB2519B1F31D5BAE8627903003B461AD8AA6A8AFA72A5E3130B1372D8AB26A2BC22EBDA05DB0782E6EA51930E5B233AD7B2D9DAC6BAB7E9C52AE5BAE4E
0000000000002824000000000000AB2700000000000026D1000000000000A82F00000000000027510000000000002D8D000000000000AA75000000000000A94500000000000034BC00000000000098C300000000000030D80000000000009E13000000000000AE9B0000000000002EDC000000000000B30C0000000000002E66
AEC8AE062990B4F2A8DF3029AD991FCAA130A71AB11BAED5246DAD19300F2975AB6B2D26B05B248628BC306DB30229F033C52ECF31D53472B26AA68C3490B37A31B6A2E2ADA82B622F691C16AB359D4EAED5B66D304530792D79A40CA6572DE9285530F8B17F2FCFA967B1F130E028CB318EB2653009A9DD33E8265FB103B1A1
3322B5A323AEB0882E2C1F9D32B131A82C0C31C2A496B4432FBCAA24B1CDB353AC81A9A92EBB2B839FEB97993614301AAB4EB1C32A062A7FAC7E2E5C21ED2EF62DCDAB5B2ECAA81F331FB421B2ACA8723286B0A92359302EB0732C61A956AE74A859B5DD33A32655AC162CECB27AA1F722E32BEEA5591CE1365231E0AFCF2B63
00000000000030B9000000000000298D00000000000025130000000000002E72000000000000A623000000000000AF8E000000000000B26F000000000000B1E30000000000002F3F000000000000B27C000000000000B05A0000000000002B9B000000000000A8110000000000002E2300000000000029B00000000000002C60
000000000000000000000000000000000000000000000000000000000000AC15000000000000000000000000000000000000000000000000000000000000B273000000000000000000000000000000000000000000000000000000000000AA350000000000000000000000000000000000000000000000000000000000002A1C
0000000000000000000000000000000000000000000000000000000000000000000000000000000000000000000000000000000000000000000000000000000000000000000000000000000000000000000000000000000000000000000000000000000000000000000000000000000000000000000000000000000000000000
0000000000000000000000000000000000000000000000000000000000000000000000000000000000000000000000000000000000000000000000000000000000000000000000000000000000000000000000000000000000000000000000000000000000000000000000000000000000000000000000000000000000000000
AD3D2CB926C4321BA1F715E82D24B28BADFAAC89AECC9E01AD42203DB04C25AD2E9EAE12B42FA700AF472D1629FF1186A43E351BA0CB29D9ADD83175AE552550A4BE1A51A783B31FA95FAA9BAF24B43BB227ACFC31F7312B21E82CA42DE7220B2EEBB460AEC5AD46AE242F86AACDA03B30919E0329A5B26FAF06AD97314B300B
AED02896348F304C2BB12B4631201F0F0A20B10930A22E18B0BF307330652B282A80AED827A332EEAE662F2F2F5AB2542C4131E93185A65D25C6AADF2D902A82ADDA262E33DFA0F2A45C33D32D71288F2A8BB298B396A5BF2EB231322C5630FDA98D9E12AD91ABEF245234CDA58425FEB07B2FD0AB7A26722A502C7DAD2EB019
000000000000AE8900000000000031F50000000000002495000000000000AFE1000000000000295F000000000000A3AE000000000000AAFE000000000000AD5F0000000000002F85000000000000B0B0000000000000301E000000000000B05700000000000026E7000000000000B0F000000000000031C20000000000002D14
29E42C472A3E2C9722AD32A0B07E2D293436B137A16B2B2FAD1633EAA7B7B3312FEEAD81254EA886AE19223EB401B1812567B232A674AC60B21CB1C21F103215A85925CDAEA89602B4FF28722FFA2E6524AFAC35ACE6AD0FACA7AA4C2B10306AAB90AFAF289CA8A933842411A0903418149BA6992D4AB240B0EB31893315AD5D
2DAE33A5311B2FCF251CB045AE973213B1962BB13062AF292BCD31A1ADCFA983302FAC5C24D2294E9015B28FAF41AB97278830E42D18AEF32CC12D2C317CAB492BEF32B52955B0AAB0D12F1FAE829949302C331F3116310A9D342E012D5228DF32F4B03825C7B39D323EAC442F2BB07C1E04294F2A4FA4D7284631DCB1FE2851
00000000000099C2000000000000249F0000000000002CC8000000000000321A00000000000031AB0000000000002FC6000000000000B100000000000000B3A2000000000000B1A80000000000002CA80000000000002B890000000000001FB1000000000000AC6D000000000000AEFF000000000000A8A90000000000009803
000000000000000000000000000000000000000000000000000000000000252E0000000000000000000000000000000000000000000000000000000000002F22000000000000000000000000000000000000000000000000000000000000B08500000000000000000000000000000000000000000000000000000000000031B9
0000000000000000000000000000000000000000000000000000000000000000000000000000000000000000000000000000000000000000000000000000000000000000000000000000000000000000000000000000000000000000000000000000000000000000000000000000000000000000000000000000000000000000
0000000000000000000000000000000000000000000000000000000000000000000000000000000000000000000000000000000000000000000000000000000000000000000000000000000000000000000000000000000000000000000000000000000000000000000000000000000000000000000000000000000000000000
AD4CB00CB3D4A6DC24C1AE65AC623243B1BAAE7FAACFB09C2943B18CAFDAADA6B04A3053A700B1422EFCB142AF51A8E02D0DA633B1EFB06926132812B108AEE72C8730A02847B156272BAE1B25082F0FB1092D0825B534F82C65AFD3B1DD2EE6B674AF07ACBAA43134C02F42210FAB45A63DAC4AB373A4082EF0AD75B16725A1
B370AB2F2FDF288FAF08A82AAD5A30A7298FAB282EE329C9A6802CFBA8CE2B512E4A2EC03116A871ABEBAE4FB2F1AE472604A39694562AE72631AD0DAEA4AF37A882314BAD2C2F23B236AA452A4E3110A9AB252329A09A6F9FC5AF7D305FA9A23116AA8A2FA32CE42E99A83F248B2E30ADCC31A8B160343EAF3A27F0227A21C2
0000000000002948000000000000ABE10000000000001B490000000000002DF00000000000002BF90000000000002B960000000000003343000000000000AE4F00000000000024F1000000000000312C000000000000B0AF000000000000A7ED000000000000B2150000000000002896000000000000AF9A000000000000AE1A
301C3504A5BE2711A27B34A03487AB9B30752BE7AA97A96DA183B35EACD6A2FAAC48B2132FAB247C32E6949C2D612AE72EA0B02034FA2A9B29EAB289B36031F0B0EAADB7A23F30A4AF0AAA042B58334D301AA9B6A2F1A80EAD41286D1BF82DBC2E12A497B0D92C39A8C331672903A430B01F34372A622713B0782C3B2425241E
311BB4542D152440260FAC7123CEB077B1ABAF6722CCA66626E52E629BD3AA5D9F9F33A930242E7E321CAAEFAF8A307FA99F2B7C308C2E40B52D2BDB24412E8031EDB4612E3327992AE1AEF12B98A6ACAC7F3308B150B134B1A5B43CB16C2C0D2C65AA2EB27D0E31ADE8A5E6B2E3AF882C52314A30A4AED5ACA5B2C0AD4D241A
000000000000B068000000000000A40C0000000000002C63000000000000B433000000000000B044000000000000AC74000000000000AFC1000000000000AF8E000000000000AA5400000000000028AD00000000000030FC000000000000AA3A000000000000AC24000000000000ABF5000000000000AD560000000000002C33
000000000000000000000000000000000000000000000000000000000000B0820000000000000000000000000000000000000000000000000000000000002D8C00000000000000000000000000000000000000000000000000000000000032CE0000000000000000000000000000000000000000000000000000000000003041
0000000000000000000000000000000000000000000000000000000000000000000000000000000000000000000000000000000000000000000000000000000000000000000000000000000000000000000000000000000000000000000000000000000000000000000000000000000000000000000000000000000000000000
0000000000000000000000000000000000000000000000000000000000000000000000000000000000000000000000000000000000000000000000000000000000000000000000000000000000000000000000000000000000000000000000000000000000000000000000000000000000000000000000000000000000000000
A749AE6F25893213AF8C2C1F2FC9B092A926A805A0F2A5E0AEE7AF95AD5D332BB26DB1292D2F23A62806AF1B2953AA1CB3FB2CA93173A1062B942775291DAB46B3CEA92332C9AE00AF6AB41FAF7AAC6C28322095AAD5B48AA715AC27286F3107A855B1D1ACF61CE2A42BB4D1B46E9C0325642E492F7F2C332AC12E5B2F9729C5
A71CAC4FA926305933762F4DAEA1B00EAC64B3C3B115B062AE7DA6FAAF8C29E2318A32B19ABFB107B09D324E24B1B0292E20B2F830B9AC1E2C2AAD0C3449AF239E58A470AE56AEA726792D2AACFFAF6AA2BD32EF318B29172CC5A4219A7B31F6317AB31329B42BFE30E9A3F72D572DDEA93319FF229696B7A6FC2BE726742D4A
00000000000022A0000000000000B23F00000000000030F0000000000000AE0F000000000000A6870000000000002CCC000000000000A9F00000000000002ADC00000000000029DD000000000000A4E9000000000000B1E9000000000000B003000000000000A35C00000000000034600000000000002DD0000000000000ABF3
2FBE27EEB252354B2CF5AFE4A8CF2F80B2FDB06B2D712AE62473ADEFB2583297A37D2E1D2D2F3133AF54A349B02C2771B4473235ACD5B34AB154A803AF1F96762100B3B8251A2FA0B19EADBD2CD733193096AE1AAAB2B1AAAB49AF17317524B02AA22068B2142F08303722082E043238B437AD32AD782EC7024BACEB30F2A708
29AEB1932BF2353124622D1031592BC6AC472AD1312BB1EAAA639CDD2F8EAD07B10A2AA828E32EEC327BB1F72C3CAE0B0CCBB181AABB3153A6EA268DAAEE2F43AE6F99E1218F2F22B333A87E2CE6292030B6B05DA5E4B01B2E5DB02C2639B1B1281334BD2D30ABBC31C19473B523AFE9B1DFB1D0B19D2C92A9EE21FB9D942F66
000000000000A68D000000000000B1F800000000000034FF000000000000A926000000000000A812000000000000B343000000000000AF49000000000000AF5C0000000000002E4A0000000000002E5E0000000000002B29000000000000AA770000000000002CAD00000000000030E600000000000033880000000000002040
0000000000000000000000000000000000000000000000000000000000001C90000000000000000000000000000000000000000000000000000000000000A4C6000000000000000000000000000000000000000000000000000000000000B218000000000000000000000000000000000000000000000000000000000000256C
0000000000000000000000000000000000000000000000000000000000000000000000000000000000000000000000000000000000000000000000000000000000000000000000000000000000000000000000000000000000000000000000000000000000000000000000000000000000000000000000000000000000000000
0000000000000000000000000000000000000000000000000000000000000000000000000000000000000000000000000000000000000000000000000000000000000000000000000000000000000000000000000000000000000000000000000000000000000000000000000000000000000000000000000000000000000000
B1B9AC7BB07A2C812C2DB3063017AC40295725EDB0173251AF1A2580AE05A25732D6AC2931DDA8E0A760A48732C9AE219E01B014ACE23125AC74AFA028ABAA042AAD3475AD3CAD08AEE4300AA0DAB4672EE1ACE9AD85AFEF2D46B156AF49AE1CB1A83062AF4A27422D7B2F6132A52431A41FAF64AC2AB41EA8D5ABBF2F772FBF
ADE72E62AF8F24ADA9C030D9AA232F6DA473A987A035B0D9AEA0AD75B25F2FA1AC38B3F6AF5F2307B185AD65AA84AC612E281B022A0E2B39A506A467A4732904AD6AAE8B2DC3A88BAD63A6CCA85F2583294FADC92DC8ACB42C379AF7A83DAE042EE331BBB36032301FA4AC0CAFC1B08033C6A9E2AA7AB1ABAB31A76D2ACEAF5F
00000000000030880000000000002CDA0000000000002A14000000000000B09C000000000000B345000000000000B1C00000000000002D6A000000000000A83B0000000000002CE3000000000000345C0000000000002C7E00000000000027D600000000000031C90000000000002538000000000000AC6C000000000000A26D
3037B0112EF1AE683273340D2A26AD8CAFD9A69EAEA62E98B1F02D542C4B327C3057ADB5ABBD31529966323C29942C83A57D29742E6928FEA889B15B30FEAE6FB07F3223B4973097A20FAC55A09D2EA8A6A1ADFC23962DB72B102C0935BA3485B1502E2B2E5532BDA7E79CDBAC142C82ADC4B0EBAD0BAC4224752DC4A6FBB0FA
A136AD112D5AB52724A0A4351C9933D02E38B2112C0FAF46A9A8B3C4302E1D3DA98CAC9B3094AB23A523B42AB01EAD3330B9247EACD130DBB4DE2E49B012B3A9B176B0C1AC4D29EA28B2A604ACD9B1A828FEB0EF28ABAF0B2C08A0C9A6471C612E0F2ED2247BABDFA655A377B19CB49F2D5D2B46AD29271BAC0C9CEF313131C3
000000000000B22F000000000000A0EC00000000000017EC00000000000030A0000000000000A2FE000000000000255E000000000000B19B0000000000003378000000000000B2C9000000000000B259000000000000B4570000000000001CA9000000000000B081000000000000335500000000000032DE0000000000002BA1
000000000000000000000000000000000000000000000000000000000000B02D000000000000000000000000000000000000000000000000000000000000B1500000000000000000000000000000000000000000000000000000000000009EFA000000000000000000000000000000000000000000000000000000000000AD5B
0000000000000000000000000000000000000000000000000000000000000000000000000000000000000000000000000000000000000000000000000000000000000000000000000000000000000000000000000000000000000000000000000000000000000000000000000000000000000000000000000000000000000000
0000000000000000000000000000000000000000000000000000000000000000000000000000000000000000000000000000000000000000000000000000000000000000000000000000000000000000000000000000000000000000000000000000000000000000000000000000000000000000000000000000000000000000
29EDB02AA65E315F2D8C2BE230A12B5BB40F334AA3F6A878A743AC99292830622FA1A72FB10CAF1DA8FE306D30502B0E2EB32AAC35A827E8A990302E24DB2D902DC7A8082DCA25A8B0CB9FD82EC1AA49AD8EB0259DB9ABCC2F2230A4305F98EE289DAE402ADE2B8CAA93A2E72C362A3EAF02B4B527FF33932442AFD52C4D3060
31F72D2E336C30AA2FD427092934B05AB040AC32AC65293AAEBA2617AF8032A42C5A23BA32FBAC702EB43428AC2B24B92C653246A876ACE015B62EF32E1430B029822C1E28BAAE383210B00BACFB32D1B083A983AC1E2C7CAFECAC199CB0ACD22CF03129AA51A8D12EF4283A348E9C11356A312034702F1BA9EDAA502E91ACBF
0000000000002C4600000000000030C6000000000000317E0000000000003090000000000000A81B0000000000002493000000000000AF13000000000000AA660000000000002E02000000000000AD500000000000002CAE000000000000AAA4000000000000342E000000000000A74C0000000000002963000000000000ACCB
B3289F622D6A318CA17B2B7E33532A6C9607AE9A2428AE8CA3BC205215562C8A2CB13303AD79A88B30D22CD9A94534152DBA98DF28483297A4E9AA90B181AC1CA6F03012A99BB3FCAE952ECB30EEAE18AF0EB55B2E732D3FB2DC2CE5AEA021ED319609C8A59E2BCD2F061F62207A2DC731222986305AAD0729AF2EC82B153137
AE3AB2363072ADA6AD6E335F289CAA5AB00EA9B02A9A30E4303FB1FFB491AD9A2D3BA829327E3016B5A0A41628CB2C1419FBB075B0F99A23B304A83D3019A143A17A2F8622A030483061B081AB10AE7734282FD1B557B0EB2DEEB079AECFA8192E9EA71CA6CB310A2CCD316AAEC0AC712B0CA8CE9B6034B130E7ACF8AA76B167
0000000000002FB900000000000034C8000000000000B3F60000000000002CC6000000000000A1AD000000000000AA50000000000000B0FB0000000000002E570000000000002F05000000000000AEDC000000000000B004000000000000AF01000000000000AC43000000000000A99000000000000020EB0000000000009F95
000000000000000000000000000000000000000000000000000000000000AEE500000000000000000000000000000000000000000000000000000000000029FE000000000000000000000000000000000000000000000000000000000000AAA5000000000000000000000000000000000000000000000000000000000000309A
0000000000000000000000000000000000000000000000000000000000000000000000000000000000000000000000000000000000000000000000000000000000000000000000000000000000000000000000000000000000000000000000000000000000000000000000000000000000000000000000000000000000000000
0000000000000000000000000000000000000000000000000000000000000000000000000000000000000000000000000000000000000000000000000000000000000000000000000000000000000000000000000000000000000000000000000000000000000000000000000000000000000000000000000000000000000000
B540AEF431CA2555B6312A9924492D09ABC1A3022D482834ACF330719FDEB2D224EE2F442F90B387A90E305F9CA0B1BCAE39AE7FB3002DBC2C962DA0B190AECE2DE6B1FCB0642BBDB070AE8D29453175B2B8A817B0FC29641FB72EC018A631613119AF37B213206C2F4A30649FD1A0A81E4BADDF30682F0DB10EAE32AC7230B4
281D9A34AA70303FAC4727ED33E6AC18B2102DD8AE0E30442BB1B1D0A41DAC5CB452ADD7275E22E13003AF992F26A9A7A965298CB216B13FA80B2B8C2D0DA736ABA5AC23B4972272AA032CADA967AEEA25F1AEC9AE162BD329A0A9212CFBAFA533542AB3244D2FACB41B1E7FAE1B2B38B1521608365F2CB7A401A8689F51A020
000000000000B3D90000000000002E6D0000000000002548000000000000B07B00000000000031C5000000000000271C0000000000009E95000000000000AEA500000000000032040000000000002F650000000000003038000000000000ADCE00000000000028D9000000000000AD03000000000000324C0000000000002CF9
332F262DA463326227D6AC283045A44B3154B4432D5130C02AA22A98B41EA7FA32E3AA87294C28DF320DA88BA924AC2DB1D82257331FB068AAE10C34AC5DA99F2A9530E926B0A1D3AE8B1DEAAD942AE59E1021A828402D232E2BB0792D72B03F2B7DA95FB3F5AACBB01BB0ED3216B122ADE4AC923371AFE22FCB23E32844A9BF
95ABB0F0AEEFB4309EEA246BA7AE2A4330E9A3C9AFD6287228AE3384AA3A337F287CA7712FE22889B50AB3FCA7EAACFFB03BB2B119882E9A2CCEAAFEB12F36322E9831CBB171274EB12134F3AB7430413014AFEC2EAAB2E7B1B51BBCB1AB30F1315B252725282BEBB071A869323030D727D0B0FF2908B10621E02960AADB3248
000000000000B4090000000000002A50000000000000AEC40000000000002AE400000000000026820000000000009FE40000000000002628000000000000B08F000000000000241F00000000000027DD000000000000B20C000000000000B005000000000000A01B000000000000A5D800000000000030D8000000000000320F
000000000000000000000000000000000000000000000000000000000000AB68000000000000000000000000000000000000000000000000000000000000A8CC00000000000000000000000000000000000000000000000000000000000031F0000000000000000000000000000000000000000000000000000000000000B04A
0000000000000000000000000000000000000000000000000000000000000000000000000000000000000000000000000000000000000000000000000000000000000000000000000000000000000000000000000000000000000000000000000000000000000000000000000000000000000000000000000000000000000000
0000000000000000000000000000000000000000000000000000000000000000000000000000000000000000000000000000000000000000000000000000000000000000000000000000000000000000000000000000000000000000000000000000000000000000000000000000000000000000000000000000000000000000
AE1A2E0326A4B41BAF76305729AC3077A682AF6CB1973003AD098FE830A92FDD2416B0F12C5F2E16B016A0722DF231682A19B2F530B93461B20EA36AAF5A2C70A315B3662C0031D49F20A566B30CAC78A19432C22924ACEA9F562C75AA2C2BAEB549A69BAF0FAF332AB7AB193249245C9DDCB17D2EA322381AAEAB3F2C9B2599
339AB2BCB209B5A6AEE02FB5AAFC2946AB17AE7A18E0A76DB14DA0C3B1E72747A53E2B1C2EB32F3D1ADBA4D3B354B32EB1F72D4EA8A72FE628F82C6632102B51AF73A91AB024B3DD3051B28E2EECB01C332F2A2D3061B1AF2ECDA777B019314AAFBBB14721482DEFA8FD2E7D2E7A2A112E2A2A2A20D8AAE4A729A5F7AB252FAC
000000000000AFA800000000000032610000000000003495000000000000AB2D00000000000028400000000000002F770000000000002EE7000000000000B06C0000000000002D4C000000000000B1300000000000002FDD0000000000003025000000000000B1A1000000000000ADC80000000000002E540000000000002C01
9FB3AC37A6EF2C2729D72E49A00BA9CEA0EDADAFB1DDAAE22481AE51A8A3AE6AB254B350A856AF09A93AAF9FAF5A2CC62EC12CC8B0072D232C002F5AA7CDB2C1B2A3AFB5B12AB015B2052C4DAC81A4552895302C3075308F98A41611B0DA2A972D1AA62DA638AD7CA87FB396ACA3AE432CB8B05FAFB09AB52DA832141E3F2E1E
3091191B324930ABA943A8D92F7EA813AF4F31DA1E70A86533E125CD3518A830A8D79F342CC02A33302DAFEDB187B1DE2C54AF26336C9EA22804AF2B3224267F2D67B0EC2E0B2A5694D4ACF6ACDDA91CB1E12A06A3A4B2EB2A47AE952C1E31E92A662FE52FA8A7912E752E3D3016ACD6B5071F33AD212418B371B0ECB0682DE8
00000000000026B0000000000000A624000000000000AD2B0000000000003420000000000000B0680000000000002E5F0000000000009DAA000000000000B518000000000000B3A4000000000000287F000000000000B10F00000000000032AD0000000000003107000000000000B0A8000000000000B28D000000000000AC96
0000000000000000000000000000000000000000000000000000000000002840000000000000000000000000000000000000000000000000000000000000B0C7000000000000000000000000000000000000000000000000000000000000AB7D000000000000000000000000000000000000000000000000000000000000B327
0000000000000000000000000000000000000000000000000000000000000000000000000000000000000000000000000000000000000000000000000000000000000000000000000000000000000000000000000000000000000000000000000000000000000000000000000000000000000000000000000000000000000000
0000000000000000000000000000000000000000000000000000000000000000000000000000000000000000000000000000000000000000000000000000000000000000000000000000000000000000000000000000000000000000000000000000000000000000000000000000000000000000000000000000000000000000
2D3330A0B2C832532C2DAE5FB467359AA00FA13EB32A2D9FAF55B01FADBBB28927271B9B3106AFD13121AC15ADFC2C4E308E32AB2D33A5A4AF88AC502AD92A79AA2831D73145B064B07934302BB63089AAF02ADD318FACAC3112B12C2DA82D13288EB4092D7328563043205B92922B4FAF1EA4E22CD4AD3CA4F9AF25957CA8BD
2938ACCDA21AA992ACB632F92B1BB00BA61028A1A3BAB129B07BB1BAAE202CA82EBA9E86ABFE2A9F2FAC2C5D235C3075280E2CAEB10BACE72F54A6A1A1BDA7902C3028992CB6A785AA66A6FA301EAE6F2AAEADEFB0532A022A222366268825A8B23CA10528B82D98B411B193A35DA6FAB32A2ED4B44DB07CACD4AC6B2A051C13
000000000000B30A000000000000A5DB000000000000AAB5000000000000AAAA000000000000333E000000000000332F0000000000002856000000000000A416000000000000AC2B000000000000AC570000000000002B7B000000000000AEC1000000000000AC3900000000000018C70000000000002595000000000000A61E
31ACAC02AC81AD2AB12C297E300B2CCAABE5AE8D2D68297132013497B124325130B019CE2D47AE12AE8C2DE1B25EADD02A82AD67AC6A2BDB31AEB08DAC191A1830D3AED331F4A64AB0E32E753235ADAD2CA32C4A2B8CAD17A8962D102B0B3168AF0CAA28A8F132BAAEEA3471B44EAA003470AEB02393B3B828C4A315AD2A3276
B3132D1F2E5B169CA836B1912678B2BB2DA09C5A214D30BB299B261CAF37AD3C315FB001B1F8326830F8B0BE2DC4B0C23089AA9933752166B09D20EBB463AC9FABCB309AA2FA2D3C33B6A81FB048B051A5DBB68E310CB4E5ACFCB0602C21A99421AE333FA0DE2F0C9F362EFCA9D6A5992901B1A8B0C92E5E2E15A99D30383054
000000000000AE82000000000000121E000000000000A087000000000000ABE4000000000000A974000000000000A4ED0000000000002861000000000000340C00000000000029D6000000000000333A00000000000031120000000000002A65000000000000A79A000000000000B1720000000000002CEE0000000000002E1D
0000000000000000000000000000000000000000000000000000000000002439000000000000000000000000000000000000000000000000000000000000B42300000000000000000000000000000000000000000000000000000000000030E80000000000000000000000000000000000000000000000000000000000003156
0000000000000000000000000000000000000000000000000000000000000000000000000000000000000000000000000000000000000000000000000000000000000000000000000000000000000000000000000000000000000000000000000000000000000000000000000000000000000000000000000000000000000000
0000000000000000000000000000000000000000000000000000000000000000000000000000000000000000000000000000000000000000000000000000000000000000000000000000000000000000000000000000000000000000000000000000000000000000000000000000000000000000000000000000000000000000
300CA4E116A5265CAE6AB28CACBDB25530A2300AADF0A8D330782CB7AD15B189AEF42B87AFE23092A0E23028AD342C82AB41A8502B8025E0AC852F3DB0E61644328E1B15281831DA2DAA2D45A8D42755313CAC2CB112A790A9619EF7AD5DA9632362343AB4F52677AD00ADD31CEEB24EB2172AA62BE5302CABE12C4A2D352DA6
30692DE1B18AA813B091A5882D0D2877B3432C67A860AF0A2C8CB029299A2B7C15BD24DC2432B236B2069E9C20F0309BB038AC9F2AFCB4B82D5C28B126012ED1344A2D5F2C2FA236336BA6F4303A3425305F20D8B0E5B433AEE42BBF1A1FA7BEA49E31C5B133AE1A2FDF2422304AA538B10C32F1A66F304FB003AEF6A84A2F9D
000000000000AEE1000000000000ADBD000000000000307B0000000000003074000000000000AFE2000000000000ABE5000000000000B3640000000000002722000000000000B022000000000000AC5B00000000000097A7000000000000AA85000000000000ADF9000000000000B484000000000000AD89000000000000A5FF
2DBA315034C42BD330BBA6F92837B046350632BFAD9F3007B06F304C282D2CD432A8B141A402A2882EEDB038AFB2AC5A2938ACCC33F13046B08EB41A2C48B0643039B1E2AD3631B4AB57A89F2C36190333B32F24B4EEAF39AE25B2722C5FB0CCAE76A8012C682A78AA4C35029F1030F5AD7BB122AD8AAC0D3443AC433003B020
AE2F269D28DC3422B2C32EF3B0BCB3F4A8C52EBC2C53A9CBAE49AA2F2966304E2C6424113189AF862EA83439B01DB32B2AC02E2530982258300CAC4EB428AF06215E2D2C28C4A8242BC8A1F32C5F31E5A1CEACCCAE3DB034AA922B6EAD5D303FAE3CADECAD8A2C6B31A0188FA8772CAFB0831E272E3D1F112821A601A1603292
00000000000029EE000000000000AD740000000000002EF6000000000000A9E300000000000024530000000000002248000000000000A43F0000000000002577000000000000B21200000000000026EF000000000000B271000000000000B23A0000000000002FF30000000000009D7D000000000000ACFC000000000000AB00
000000000000000000000000000000000000000000000000000000000000B00C000000000000000000000000000000000000000000000000000000000000AD43000000000000000000000000000000000000000000000000000000000000A1B1000000000000000000000000000000000000000000000000000000000000ACC7
0000000000000000000000000000000000000000000000000000000000000000000000000000000000000000000000000000000000000000000000000000000000000000000000000000000000000000000000000000000000000000000000000000000000000000000000000000000000000000000000000000000000000000
0000000000000000000000000000000000000000000000000000000000000000000000000000000000000000000000000000000000000000000000000000000000000000000000000000000000000000000000000000000000000000000000000000000000000000000000000000000000000000000000000000000000000000
A026A5F6B122B417A16F211B23BA2315B51832F1AF24A71B32572BD92FC2ABDB200CB00EAD32A8B8299CAC852D8CB1142DA1A191B0AD3085B1D1B3D8AD37252528DCB1DEA44FB50AA684A8212D8CB085AFA1A545A7CBAD032E3C2D019291AC4730DC305330B4B41533772BEDACEB2956A86A9A0A2DBEA527A07E31AAA7DD2C48
B357297028C5ACDE34671EDCAE682CA4A440ADFC2F2BACA42E232672AED3AD2A24263126312EB630A39229B0AF5AB43FA93A2EB0ADF9AEE62E0D3034AD532BA42C6F3731B06C2CFF2841AAC921682ACD9E0219C3AD2AB0DB2ADD30632C2FAC67A615AF90AF0432AAA00A31C62909B2E6ACF9319A310BB3AD29602DDCAC7E2038
000000000000B0FE000000000000AD1E0000000000001FC30000000000002440000000000000AC53000000000000A2760000000000002F09000000000000A56500000000000025FF00000000000030AF000000000000A35E00000000000030130000000000009388000000000000AE5C0000000000002D82000000000000A4E2
B0BD2C32AD3D32DC323AB09B2D31AAA12D0C2CED282E32A0AED82E012D819C432F0B349EAC562EA6B08BB1D7A777B1362C10B3412B4C283528E5A8761E79B0232DE0B10EB5DAA99F30813194A97BAAE62C3F2CF12D8C2C0134392795AAD9A5E0A33F2E74A87C2BE8333E2F51A90A2590AE2830A2A8F1A134AF3C20FCB048AA40
2EE933EFAF2130D32CC8B1AB3483ADDA3394AD5E2E2A30448EA8A8F22F7D2DA22E4FA26AB1E1AF5E2A93B13E050E2B32B40BAEDBAD2D227BA502B223AD12B2FEB10E2C1CAB7AAE80A73A1F9D2DADB161B0332F26294BB242A6D92FE92EB2B26F24152DE8B223A0AE2F6B30D4B01C320896132D90B076B3FA3192AD5AB253B217
000000000000ACB0000000000000303E000000000000A5AA0000000000003022000000000000B1060000000000002D22000000000000313B000000000000267E000000000000308700000000000029DD000000000000A0A6000000000000AD62000000000000B3110000000000002D15000000000000AACF000000000000AE62
00000000000000000000000000000000000000000000000000000000000027260000000000000000000000000000000000000000000000000000000000002FD1000000000000000000000000000000000000000000000000000000000000A692000000000000000000000000000000000000000000000000000000000000B1E5
0000000000000000000000000000000000000000000000000000000000000000000000000000000000000000000000000000000000000000000000000000000000000000000000000000000000000000000000000000000000000000000000000000000000000000000000000000000000000000000000000000000000000000
0000000000000000000000000000000000000000000000000000000000000000000000000000000000000000000000000000000000000000000000000000000000000000000000000000000000000000000000000000000000000000000000000000000000000000000000000000000000000000000000000000000000000000
A4122CE53397A17430AAA7E8B250B3A1A4A1AEE3B12E25F92E032D35313F3069B344B175A8E720622FE6342AB078B19AA22A17072DCF318225412348B1352A0AAD7DAFFCAD1CACEDA97F313FB083B15E30D3AD94321AADEA26A1ACD6ACD1AE24309AB5052E84A954B1143293A3F32F68A327B0E7ACDBA8112943AA03B13CA834
33AFAD3EADCCAD84A6C5A4C5A0D7ADBFABBAAE062BD12A16AC859878AB8D2CE6A9582CDC26B53220B15AAF9BB02CAF3927692BD8A5572795B1F4B12B304C24BA22F12F22AC1BAC6225BF291DA4C2AB4A2A8BB0662338AE0B2B0DB16BACE43093232B2D2DA5CDA9972F60A858B267AC26B11A321E281CAF84A331AFF02D80B135
000000000000A2BA000000000000AE49000000000000B3E50000000000002B390000000000003288000000000000B06D0000000000002E67000000000000AD11000000000000B42F00000000000031510000000000002C630000000000002C800000000000002B420000000000002CBB000000000000B6BD0000000000002BA4
B11E2E06B11EAB082DA331A6B09EACC9AB6DB12CAADA3099B1F82DA9A835301F341329DA2F4CA09B2A42A11F2EC92C2D2934AFB8B40334352C96AD53309DA8DCA4529E272F262969ADB430902A24AF85ACC32B59261D2F76353C2DA32DC92D8628402EF830B52F11AF7AACB72E7EB1DFA84D2969B2A3AFF62C3F2FD7A98D32D2
3292A96B308CB034AB012B933402B062A2AAB4462F402602B1B02EFEA9E1ABB3B4AB2D6B2F4D2F441B40ACE633E8AE39A9132F05AF4E24C52D76A1ACAD82A06734FEAE1531A42D5FABC3AD5DADC83300338B2858AC1B2DC42DC7B246B0EDA4C5ACD7305B30AB9D7F30CBA7A0B1D531A3B1BF3201305BADDDB1E22D9597182C58
000000000000AAA30000000000003243000000000000AA4A000000000000B0C5000000000000AE740000000000002D90000000000000ABB30000000000002B1F0000000000002D060000000000002E35000000000000964E000000000000B32900000000000026C60000000000002CEB000000000000ADC80000000000003257
0000000000000000000000000000000000000000000000000000000000002E240000000000000000000000000000000000000000000000000000000000003439000000000000000000000000000000000000000000000000000000000000290B000000000000000000000000000000000000000000000000000000000000AE1B
0000000000000000000000000000000000000000000000000000000000000000000000000000000000000000000000000000000000000000000000000000000000000000000000000000000000000000000000000000000000000000000000000000000000000000000000000000000000000000000000000000000000000000
0000000000000000000000000000000000000000000000000000000000000000000000000000000000000000000000000000000000000000000000000000000000000000000000000000000000000000000000000000000000000000000000000000000000000000000000000000000000000000000000000000000000000000
AC86A8AE28C0150B347B23FB1C042728B486AD4731CBAB55A9A32C512CAEAD3A2FA7ACF5B318B12DA8C025E13193B41928BF2F552E2EAE79AFEAABD69CC12F8832B2B00BACB4ACDB13E8A524AC2DB0FEB40FB1212E03B20FA0E3AFD3AC87325FACD82C7AAD3EAF4BB0CC97402D392C4B2BC52FA1300F2D0AAEB02EC1A3599F5D
A8B3AC4AB3CAAC6C30CBA1B4A3002155210D2B61A9E8B1A12ACF2FA126D2AC10AD0BB423227BB34DB17FB472304BA7C430A12956A91D2EAD272EA58CB03C2A6C2CCCA834956D2C80AF6126B69C0A2DAD2F3FB067AC04B0EC2DA431C23013ADFCAF882F2BAAFEAB113118ACAAB33C9E51AFA8B020317630BBB1B9AC452C7DA0BF
000000000000B3550000000000002AF20000000000003116000000000000AF02000000000000A0EF000000000000303B000000000000AA44000000000000B0BF000000000000AD5F0000000000002D6F000000000000AE2200000000000031E4000000000000A77E000000000000AD0500000000000022650000000000002EC8
28D52E57B14BB3693022AFE91E69AE0B318EB22BAB87B012B1B9A88A2CA7A9042D1FAD64ADF62F4F2C1424AE30DB2E43AAB6B016B1B0AF1EA84B3309B5F4B1E9AA62B2D6340FAD1C2AB2A9E131122EBEB2DEB237279D328FAAFD2B3B1616AFB32DA7B510A8642CDD24FD24A89DDAB4AA267FAD33B4D8AE17AAE7256FB1152E3E
B332B5022B789C7CAEB3AC76B3D82FC92F6C1964302B1F24B3153023A6D42B59AF912B452C9A27262E67326F3088214F31F429B233652295A704AD7728E4204F2EAAA90BB5B83061B327ADA8278820CDB519A67D2E8B9E391F62A87B30F0AF4C212FAC2AA3412690B4262FE1B2DEB01BAD54AC4AAD362A379D34348FB379A922
0000000000002A5A0000000000001ECB0000000000002DF1000000000000A924000000000000A88A00000000000089FD0000000000002D13000000000000A9DC000000000000B1F1000000000000AD58000000000000AF1F0000000000002879000000000000B356000000000000B27A0000000000002C420000000000009B30
0000000000000000000000000000000000000000000000000000000000003211000000000000000000000000000000000000000000000000000000000000267F0000000000000000000000000000000000000000000000000000000000002E96000000000000000000000000000000000000000000000000000000000000314A
0000000000000000000000000000000000000000000000000000000000000000000000000000000000000000000000000000000000000000000000000000000000000000000000000000000000000000000000000000000000000000000000000000000000000000000000000000000000000000000000000000000000000000
0000000000000000000000000000000000000000000000000000000000000000000000000000000000000000000000000000000000000000000000000000000000000000000000000000000000000000000000000000000000000000000000000000000000000000000000000000000000000000000000000000000000000000
B131A2F32EFE2FD6989930ECAC6E2F57AAB133DC2A7F28E8A72B2986A92CAF1F16A3ADFE2DFCAC1CA18532522CA3A523A81334DBB09A323AAF80A554AD80A8C8A6CEA10AB00C30F33495ACCD2D79A91F304CA6E53365303A2AE72E063076322CAB6EB221B3A7A65DA0A831C3336EAE87B27C2031B272AF18AF99AC74A7382FA3
AAD51B50A405B132266FA9B028F9A4A1B06DAD538EAC1C7929F32C23311EACFC2E67ACB2B2352A01288A2DB0B0A8289634883202B047AEC8B055A8482DDE29A1B0A42936B41CA73D2CCFA9E035B3A9E6B269A968B0872ECEB2012C952DA0A8CE2A1D9CBEAEBBA97BA83A2C04344DA3C7B278B06AA68F31441F2424C72CB0A8C4
00000000000027A8000000000000322E000000000000B0DA000000000000A567000000000000B0680000000000002823000000000000AE5D000000000000AE3800000000000023EC0000000000002DE7000000000000AD43000000000000AD18000000000000304F000000000000A924000000000000B163000000000000272D
305D2635295CB07C31023134A64827E9A49EACD32F6FB52D2D44276933F4AA2FB388A5EF24DE2169AEBC29DA30E3AD2B2982ADDB315F3333ACEA1AF22FCFAFDBB2CA2C012F4030012933B26C333AB00AA9979E532EA71BE82407B04C214A2E46B1D7AE7929B4B529A5B6AEDAB09931FB3041303AB0D4A1482E8CB1F5B0633133
9F3A2E2F2C1F31ACAA7D297E2A032A82AC3430B7AA48A783B48FAC31327AACD115332C243197A2EA28F2304EA7CD2DEEAC90B1982D7F28872EC2318F9604AC9E30982D9B2E1D27AC22CAB06B042EAC1C9C2BAC622566ACA530A132522C5DB2D9B01128B19C2B2C7E2DEBA89CB1E0293C9BEAB02BB18A2D38A1FEA8D7B007A482
000000000000B5F50000000000001A4F00000000000029A8000000000000B21D000000000000A3D9000000000000B69B0000000000003172000000000000B0A4000000000000A8C20000000000002949000000000000B1F9000000000000A86B000000000000AFBC0000000000002B0600000000000033FC000000000000A63B
000000000000000000000000000000000000000000000000000000000000B14D000000000000000000000000000000000000000000000000000000000000AE080000000000000000000000000000000000000000000000000000000000000EEF000000000000000000000000000000000000000000000000000000000000AD39
0000000000000000000000000000000000000000000000000000000000000000000000000000000000000000000000000000000000000000000000000000000000000000000000000000000000000000000000000000000000000000000000000000000000000000000000000000000000000000000000000000000000000000
0000000000000000000000000000000000000000000000000000000000000000000000000000000000000000000000000000000000000000000000000000000000000000000000000000000000000000000000000000000000000000000000000000000000000000000000000000000000000000000000000000000000000000
2F44AD97A96EB2043426A116304BA9E82581A2FD2F19A910A988AF1629FE2E0DAF6EA7E72AA83498247C34292A17ADE0A08E1F3F2FA52DA7AD002021AEC02DCF2ADFA9772966A9F631D7A4AFA91B2AE6AEB1AC4DACE0AAC6B22DA944B08D29C132072FA22C0D2B6DAD34AB4B28ABA759B29F2C772B18B5B22D0931AC2F2CAB9E
A7F8AB74B30FAA19338C20EBB2812D67AB07B4C1300C3132304522E11E890F9EB353A3B225B1B187B0D1357DA6BAACE9A934B0D3321D2833A8E4A15CA8CCB043A98EAC6A3474B2531418324D2D62B0621903A8AFAD492D9C2D562CC2AE61244820932814AE10339F30582D5630F9B0B4A6852CE125673441A423307BAE82AED6
000000000000AD62000000000000265C000000000000ACC5000000000000AC44000000000000310D0000000000003018000000000000A61500000000000031320000000000002F75000000000000A89B000000000000A748000000000000A5AF00000000000022010000000000002F2B000000000000220B000000000000AC2F
32BA26EA2E2D2FF3B2672722B24332542F2AA998336F30CEAE35A813A17F2F6D1B7DAF50B1932F482C4A30BF34769A94315BAD2FB070300F27ACAC5DB23411052D7FB3DF314332EDAC17A5C4A881B43AAA9E2C082C2F3061300030D32D6BAE7AA1EFA8FD283B1AC8A63DA8BDAD7CB3F92C7E2F13AEA0ABA930F7B2972025B053
B0F7AC5A9499B1BD2C48288C2904A38CB1F521092AC0986130B6AD092CD8339226792B94B56DB03A2683B080A9D7B021A9EA2C5FA5CE2F5AAFC5ADBF12A83282AEF0B1D22EEA28FF2D51323AA9F3A61F30BC2A04B583B453B2B134762DC32C72AD51329A33A0B3B9A801A59828B0B02621872EF21F402D0AAD80B5BD2E9F2497
000000000000B06B00000000000026720000000000001F45000000000000B13100000000000034BE000000000000ACFB0000000000002052000000000000B0470000000000002692000000000000A8410000000000002E6F0000000000002301000000000000B2AC000000000000B3D400000000000030D9000000000000A3C3
000000000000000000000000000000000000000000000000000000000000AA1B000000000000000000000000000000000000000000000000000000000000267300000000000000000000000000000000000000000000000000000000000021510000000000000000000000000000000000000000000000000000000000003022
0000000000000000000000000000000000000000000000000000000000000000000000000000000000000000000000000000000000000000000000000000000000000000000000000000000000000000000000000000000000000000000000000000000000000000000000000000000000000000000000000000000000000000
0000000000000000000000000000000000000000000000000000000000000000000000000000000000000000000000000000000000000000000000000000000000000000000000000000000000000000000000000000000000000000000000000000000000000000000000000000000000000000000000000000000000000000
B0272CD1A1BFB06AA8EAA07B2FE2311B2CE6AF8F2C36AE342C26A875B016A49819CCB5383006B0F9A3173001A4DE2D0C9F422A0DAD642F8430D332502CCC2F2228D8A60F333C1B7B30C0B1DE34A4AC96AAFD3253AD10A9DE2E062780AD04B1652DC11F402FC222CA2D352AF897F330A0A98C2F0EA4DAB2F12E512A4A2E67311D
2BC7AF772786AD762B61B05732A6A043B4452B7F30D7B4A3AFB32DD02C463010AD07A472319A28202808A98A321B330CA9F0B18534B8AFC9AAAEA7D1320BAC002C65B1EA2850281DAE082E00B063A5E7B16EADB02093B00AB043AD5F2CBBAC09B1D9340CAD66B096B45A30AD2ACB356229B42F50AD8732F6AD2E2DAE24A32C05
000000000000347D00000000000028F600000000000030E10000000000002F66000000000000A81B000000000000B1330000000000002B5B0000000000002FEC0000000000002D88000000000000B26B000000000000B1A20000000000002B450000000000002C2E000000000000B0C40000000000003001000000000000A924
AD422928AC18298DB40A31D1210024EBB0AE2CCA2D1234C9B230231331E3ABFDB1833091301A2D782AB7AD69ADC92E9BACCEB436B0D9275E354BAC4FAB19AF8133F9AA50B1DBB08EA54DAC61325FAD082F2C9E9EAC1B209D3301310A2C56AD86AC3D2817B26230B02675AE80B0BFA9CEB4A3AF39A8223369AC64A62D1F202BDF
AB88A6ABA7DE27FFA52DABDE319930EBAC382A7A30B6342AAF232C5FAD3EAD1DA5EAA9A81EE2B184ADBAA9A5AA22A8E8303EA8FC302AB1E7A8BDB09E3116AD9A337FB16F292A3068309F2D6BB0A526F82492A13CA5AF31502F5D29362D072D62214424972CFF31EBA449ABD6AFB730D1B15EAB7E30CB3053289CAC2F2A2229CB
0000000000009873000000000000A8620000000000002E6F000000000000B14F00000000000028ED000000000000B043000000000000A950000000000000AC85000000000000AD790000000000009D6A000000000000B1DD000000000000A921000000000000AEF300000000000032F9000000000000A0F4000000000000AF37
0000000000000000000000000000000000000000000000000000000000002D580000000000000000000000000000000000000000000000000000000000002AA000000000000000000000000000000000000000000000000000000000000030E7000000000000000000000000000000000000000000000000000000000000AC17
0000000000000000000000000000000000000000000000000000000000000000000000000000000000000000000000000000000000000000000000000000000000000000000000000000000000000000000000000000000000000000000000000000000000000000000000000000000000000000000000000000000000000000
0000000000000000000000000000000000000000000000000000000000000000000000000000000000000000000000000000000000000000000000000000000000000000000000000000000000000000000000000000000000000000000000000000000000000000000000000000000000000000000000000000000000000000
2FCA1F6125B2A8D931D926CB275733FEAD69306FA3BEAE8BAF23AF0B2D4FA707AC1BA8D1AF14B1D1B07CB0B2B160322E2ED1AF0C2A7CAA132D37ABE5AF142F21A65E285AAEB8AFB0A34F3337B540AC8390F12A9FAE09A5572D25A587B01E2C05B1129F18B0332E26A47630CBAFF888EFB4912FA1312C2E50A52AB1A6AF66A6FF
2DC434512BBDAFB9A7F8B45E307AB62525D1ADF2AABB2E513116998DACF6AF2730A2ADC0A9482E8DA256A37E3004B1552F89B58AB2CF2E462DD223412213A24BB10030B1B13630EDA426A25D2521AAF3B155B31B1D8F9252AE23A73FA6ADAD9C3269B445AC95B100B022AA9DB11E32C6ACB1ABE9AFA822472EC6B09D2E8524C4
000000000000AA2F000000000000AAD5000000000000246E00000000000027EE0000000000002FE3000000000000B12C000000000000B49B000000000000AB0B000000000000303A000000000000ACE10000000000002FDE000000000000A72C0000000000003473000000000000B2220000000000002F6D000000000000B030
30652242A8C2AD0B2F36A7722A6E3473A8E1AEAAB38230F3ABEEA24E30F630A4B06D20B0B1E92D5734453037A562B22231F9ACB928032423AE4A24DE30E1B07B30552728B0202A9AB2F1B1432EEB3033279EA5A224D2ABBCB15F2EEAB1A0B243304C2E55A5AB32B02329B11BABAB9F9C316F2C4A2E2D9D62306F34ABAFF22CC8
339B2C1FA55EB080ADABA4AEA4F8286E226A29762ACDAC062EA525AFA7043024B2D5A71C25672D831DB0AF8798282FD8AB142AD42CB526F12710B393AC402B203033B0FE2DAEA8842F4B2FB0ACD62E0AAA9DB284AF06329EB067AD1C344CB34B2FCBA94A2781B480B08FB4C8ABCC307EAB449873A485A8472C5E2E13AF0CB364
0000000000002D9D000000000000B46A0000000000002CD1000000000000A82C000000000000A388000000000000AD1D000000000000A5A30000000000002F7100000000000030C1000000000000B1A4000000000000B1620000000000002DCC0000000000002950000000000000AA82000000000000AD6A000000000000B156
000000000000000000000000000000000000000000000000000000000000B39A000000000000000000000000000000000000000000000000000000000000A768000000000000000000000000000000000000000000000000000000000000A0C8000000000000000000000000000000000000000000000000000000000000A426
0000000000000000000000000000000000000000000000000000000000000000000000000000000000000000000000000000000000000000000000000000000000000000000000000000000000000000000000000000000000000000000000000000000000000000000000000000000000000000000000000000000000000000
0000000000000000000000000000000000000000000000000000000000000000000000000000000000000000000000000000000000000000000000000000000000000000000000000000000000000000000000000000000000000000000000000000000000000000000000000000000000000000000000000000000000000000
307124142B3CAC2A32AD2F992AEA3262B0D22D632F5DB3B3AFE02DA71D63ADE42DA3AEC92D9D2E8022C6AFC0ACCAA4EBADB0AF77AFB9327EB1A1A818251A2DF5B1BBAAAB9DF7A43AAFB9303D2D13ADFFB4853058AC5C3073AF1D2FC93022302B28CB29772CEA27FBB147B2E42CD730A4AC4EB05334C929F0AF772E56A82DAE34
B5062CA19D22307CAC963265AA2EAC6C2E4CB0B691C7A132304DAE33AF43AD6498CD31A8281230DAABB6299128582FF818E3A9072E881C05315727B2AB84313AAEE522832E0BA802AE2728F7AF3725F6294119B02DC725872F43B0472F99279A33062C7F2A8AABDAAD86ADB9A8D99599AA45305F3016B37623F7B160AFEBAECF
0000000000002243000000000000B0B0000000000000243B000000000000AF3F000000000000B1C9000000000000A5E8000000000000B076000000000000A2110000000000001B4D0000000000002FD50000000000002D17000000000000267E00000000000025DC0000000000002E4F00000000000099800000000000002720
AC7026CC24AD27B518D1ACA12D76B095ACDB29BAB100B077AFFFB4372984303EACD0A8622F142C4AB2F0B178B01F2104AF3E32E3B0BFAED2364C298A235CB03F2AD7B63DAD0331962A4C307DAD6C2D7E2E0E2C1D32C2B64122CA32A4ACD1174F2F282C21A7112C0C2FBAAFE8B119B03CA93B1FD12DBB2C42B2F3AF85B15EA63F
A5E130F9320E34CA2A93B4BA2EF32B3E34212CE9AD822D161B2FA9BAA82AAF0DA8F4AF712FCD31322A45AC24AC3634C4B1B92C502F66ADAAADD02EEBAF2CAA1E8F81240CA7842B1B2C3B2E49291A2CDC35C7B1912CF4292730902EEC2F9DA79F344A2D73AD043352ACB22CCBB2AB32E22FB6A86BAA0AAE59A5279DBCB50721E7
000000000000AA45000000000000A475000000000000AB40000000000000B155000000000000ADB9000000000000B00D00000000000032B8000000000000AC700000000000003299000000000000AA20000000000000320500000000000006250000000000003379000000000000ACCB000000000000ACC60000000000002CA9
0000000000000000000000000000000000000000000000000000000000002C72000000000000000000000000000000000000000000000000000000000000321F000000000000000000000000000000000000000000000000000000000000151F0000000000000000000000000000000000000000000000000000000000003012
0000000000000000000000000000000000000000000000000000000000000000000000000000000000000000000000000000000000000000000000000000000000000000000000000000000000000000000000000000000000000000000000000000000000000000000000000000000000000000000000000000000000000000
0000000000000000000000000000000000000000000000000000000000000000000000000000000000000000000000000000000000000000000000000000000000000000000000000000000000000000000000000000000000000000000000000000000000000000000000000000000000000000000000000000000000000000
AA6524202DF4221B2FA3B5292DE2B0982C433133AC99B49C2EEA3171A2D2AD05284033EE32C42F74211BAA82AEAB20BBAF2F2C8FB05730752A272FA2309EAD603074AB8C2967B2CBB07129B1B07DB05BB11D32C82B3D28972D77263F30C2327C2DA3B010B0B1AB7DA4A89E7EAE5728A02C1BAA2625B2B0BDA96AA869AE183174
A8BA28E698362CD828AFA9D0300828C9B0542B5C30E127C92E602F41AEE4AF5B2EB62863ADD6AC9EA9382689AD392B8331F72D3531CEA7C4B05B2A1C303D2E332F5DA809AD98AAA9302D2A34ADBAA906B1CEAA402F3DB2C5310FB1582D33AD7AA9102FB034A82A992DE5B0C8A9E5319EB3C1369EA37F31F4B0FB2F98A3472F7E
000000000000B3B90000000000002AC100000000000034AF00000000000025D900000000000030E600000000000033D6000000000000B41C0000000000001C65000000000000AE41000000000000B0B20000000000002F7C0000000000009CAC0000000000002E2B000000000000A830000000000000AE77000000000000AA7B
B31D31B3309A2E66AA922C649F74A8C9A98BAECE8F4098FBB250318334CAAB53209329C32A72ABD82DE1B1A63278AD3FAE4B2EC528631948B07AB1FB2EA6A6A3AF3228B4ACB0A95FB60C2D7B309B2C9628452CBCB006302B2B30ABAFB12EA928A4A4AB1430442AFA2D392DC12F7731EBB2EC2FB0AFCDB2352A5FA8B72E1E2672
2EE3A6CE3062A9C1298A326031092C1F2B9EA0F9A9D4AA7EACC4B1552CE02C53B14BAE6FA337B06FB15B24CFA7CC2D7C2CD1295FB3BD30E3ADC42E0034DE2EFC29292642AD7329372DDDB01FB3532BFD28A9B185AA6C33E9A812AF2E2D702F5EAC633456ADD72B7E2481AA47A4AFB064ADDBA8F6AE20316D2DCAABA82D643297
00000000000031CD000000000000AC580000000000003046000000000000B32500000000000030CE000000000000AEC40000000000002D3800000000000023040000000000002443000000000000AF5B000000000000288F00000000000025C800000000000031D0000000000000AB58000000000000AD6C000000000000A96A
000000000000000000000000000000000000000000000000000000000000AB4F000000000000000000000000000000000000000000000000000000000000AC98000000000000000000000000000000000000000000000000000000000000B3270000000000000000000000000000000000000000000000000000000000002C46
0000000000000000000000000000000000000000000000000000000000000000000000000000000000000000000000000000000000000000000000000000000000000000000000000000000000000000000000000000000000000000000000000000000000000000000000000000000000000000000000000000000000000000
0000000000000000000000000000000000000000000000000000000000000000000000000000000000000000000000000000000000000000000000000000000000000000000000000000000000000000000000000000000000000000000000000000000000000000000000000000000000000000000000000000000000000000
AE1CAFE32DCD1ED62CADB01F2B032BABA6E9A0762FD229629C49A1E1A49A245928B2AC8F2F6832C8B0F230A03013AE1BAC3A2B6C337BACE3AADA2BBF22F72AF4AA1130FEB32EB04730D1A940AACE2D6A26AB9D6C27C41F52B0DB2C662BD494712F7EA7232C9DA9FA30C7B1A12BE11DE9A76EAD4C2E88B274AE4B2ED1AFC42CC0
AC662ECC2649AA70344E335F2C1930A5ADCA31F4974BA883B010307B2DC630F9334FA0B5303E33C02CAB345434652A0CAD4CAE212DC9A476B1952AD0168CA974236EA70C248A90DB2EA8A1F2AC0523A8AD0EA431300BB1BC32F2AF5BA8B72E972C90A84CB00826CF288AAC83264D297F2E4FB23F2AFD2C252E70ACBC1D2E2547
0000000000002828000000000000A2900000000000002D3F000000000000B0B000000000000027AD00000000000029030000000000009C5B0000000000002E750000000000002F52000000000000B10B0000000000002B6F000000000000AE08000000000000328D0000000000002D9A0000000000002668000000000000AD0D
B1C4B1FEB0BD221F2755B49CB3A7AF8E2F693185A84F2F77A5242D3FAC45B27DAD33B0BE1FF1B700A7B0AD9429BBA88AB0AD2A142D58B143A67D31DE25902CF62EA7B0CC2CB9A2C62C512D8DB289ADBFB3B5ACA62DFFA7DAA7EF232C2464B3902694AD672EEC345A2F032BD434BB247EB202B1B82F232E7C344A3419A4532F4C
22F3B29DB471AE30A246B46232CE2DB52F71AC4FB0E3AD4730A01EEE2E5C28EE263A2CED214EAD2BB1662B21B125A895253630FC2F452CDF2D22AA2E24DDA5A0B11431F42E9CB4ABA74DB0C2B25AA5E5A5AD2C1BA6872F03B228B097A8A3B165AC6BA894AE8D2CF4B0A0B1F125E02EF0AC63B2772AA62B16342DB5582DC7ADA3
000000000000B03C000000000000319A000000000000AED80000000000002DEF000000000000298F0000000000002E70000000000000B04A0000000000002CFB00000000000026530000000000003393000000000000355E000000000000A960000000000000A8B8000000000000A2580000000000002DE40000000000002EEE
000000000000000000000000000000000000000000000000000000000000AA650000000000000000000000000000000000000000000000000000000000002C2F0000000000000000000000000000000000000000000000000000000000002D80000000000000000000000000000000000000000000000000000000000000315A
0000000000000000000000000000000000000000000000000000000000000000000000000000000000000000000000000000000000000000000000000000000000000000000000000000000000000000000000000000000000000000000000000000000000000000000000000000000000000000000000000000000000000000
0000000000000000000000000000000000000000000000000000000000000000000000000000000000000000000000000000000000000000000000000000000000000000000000000000000000000000000000000000000000000000000000000000000000000000000000000000000000000000000000000000000000000000
27CBAF2C3289314EAF98AF7FAF1A32841828ACE0AD27248EA21AAC802FF3B15AB45B2C98B42730292C9728E5AD9D99CC2A76ADF32CC12BC8289624AF2FD9310AAB3EB2C3B16F32643168B3262D36B025312EB0A0AE3E30A2A0992CF8A14AA136A97DAA34A2C8A67A1CAE29762EA93297327D2D04B076ACA32E88AC99B11CAA97
ADAFB1122F6F317B25AEB127B209280DA535AED9AB95ADF52D35AD48B000AC422C789C68A01D28AF2C062F10AFF6B000AFEFAB692E8634702E102D12A7CE2B54B113AAC5AF7DB1A62CFB2F582E1B286D33B1A97EB20CB034AE02B06EAB3DADBE34F33094311EAC49346E31F6B0AAAEEB314A2B4CAD13A57E317B2C45B0252D12
0000000000003014000000000000AAAD0000000000002B7B0000000000002C9B00000000000099EE0000000000002A460000000000002D130000000000002C60000000000000AB62000000000000AECF000000000000A94E000000000000316C000000000000AF82000000000000A0E50000000000002E1E0000000000002E86
B21E30AEB3992F7BA5D4B101A6772A15301F290633DC280625C83204B03CAD6BB00729992CC0AA28A6A228BE3195A40F3061AA58ACF3AE10B05B9DDDAFC334D22F73A74D1C5CADB9B00A29092C712C88218AAB56319AB23AB054AC4FAD44B1FAAC7B27ACAD792AF028D3AE1230642A29B0C528AB31B52EB82C4FB394AFC51F5A
2F3C33AC198C26E9AC61AE512BBCB3E8B13832AEB0082CA72CD32E992C37B425ACF7A8F4B44F2A2FAF2BAE0EAC8B32B7B02E3286B026A7A92A8A282BB2402BD232582DE42291AAE0B045B1CDAE2B2675A988B05E9F1D2D662485ADB8A4C431D5B34726312E9F2AADA64831B12C599CB4A9D4B482316E1F712C5729F9A657B113
0000000000002E6F000000000000AC910000000000002EC4000000000000B12700000000000024440000000000009DBB00000000000034ED000000000000B2FE00000000000012FB000000000000B2CE000000000000A9FA000000000000B32A0000000000001CBD0000000000002B26000000000000A7E4000000000000B4E3
000000000000000000000000000000000000000000000000000000000000AE4D000000000000000000000000000000000000000000000000000000000000AE270000000000000000000000000000000000000000000000000000000000002D94000000000000000000000000000000000000000000000000000000000000290F
0000000000000000000000000000000000000000000000000000000000000000000000000000000000000000000000000000000000000000000000000000000000000000000000000000000000000000000000000000000000000000000000000000000000000000000000000000000000000000000000000000000000000000
0000000000000000000000000000000000000000000000000000000000000000000000000000000000000000000000000000000000000000000000000000000000000000000000000000000000000000000000000000000000000000000000000000000000000000000000000000000000000000000000000000000000000000
A4A2B03025D1AAA6A5F9A0F8B07131172E1426B8A6A1A71D9F70B0332CEDB35F9D1AB0202D3032E4AF2432C23176A4EBADA92F592D4BAC7AB00A2A2325FEB07B29E3317D21FB2C48AC1AB04031AFAE82ABB3B444B074A7CEAD6D3148B0A828E0B26AAE3B320FAF242F35223CB2CC22C9B41DB260A506AE7527B8AD9A30222D23
A895B5192BF4A9922BCB3018A94F249E2C68B1542CBA2DA92DEDAC0CAA1E2EA2A8FAB05629BBAD4C2428B495B0CE240123542E2B321CACFD2E48A924321628BA2F9EAFFCADBBAB3029643227B47CAD9030223121AF72AD7DAE44AE4FA7671BE5B0032E86AD87AF3D30AD2D361CC3B5CD1DE41B39B1FEAE65B0E323523092306D
000000000000258700000000000030690000000000002BCC000000000000A9F9000000000000B11B000000000000A773000000000000AE16000000000000A053000000000000A1A4000000000000B23A00000000000029F2000000000000AC1F000000000000ACFA0000000000002D420000000000002EC1000000000000182D
A7C424CE345EB22924942F25B4CF2406A8E034083224325A1FEB2DFE30E73125B07DA2752F16AD332B2F2FEAB4CFA83428C5B155A83F28982F46ACF0A65729E1B33B13792C14B14C30732C58A0D633A316BEB167AFA32CA132A127903117A464AF882ADF9E642D0CAD222D96A42D2E71B1D62B1F2D48AEFBAE8DA3BC2B16AB14
2634308C1B7434872D3B2536A601A329AC32B362B2EDAC69B08D30D42AE732C4B5A6AFFDAD22B150B201ACA527E82BE729CEA90CB0162BBDA9C0ADA5B0CDA8D11FDA3041AB653133ADEBAC48304F21D83362313E2F8E9C34AB76118AA9033190B0592FFAB0BCAA69AC4A340928A62656AECF323DABF42B5924ABABF3A388A4E2
000000000000AFB20000000000002B530000000000002DFB0000000000008864000000000000A911000000000000B563000000000000AE8E000000000000AF720000000000002D5C0000000000002C2A0000000000002E0E0000000000002E00000000000000B02C000000000000B0CF000000000000AD8600000000000033C0
0000000000000000000000000000000000000000000000000000000000002F240000000000000000000000000000000000000000000000000000000000002CD5000000000000000000000000000000000000000000000000000000000000AF630000000000000000000000000000000000000000000000000000000000003234
0000000000000000000000000000000000000000000000000000000000000000000000000000000000000000000000000000000000000000000000000000000000000000000000000000000000000000000000000000000000000000000000000000000000000000000000000000000000000000000000000000000000000000
0000000000000000000000000000000000000000000000000000000000000000000000000000000000000000000000000000000000000000000000000000000000000000000000000000000000000000000000000000000000000000000000000000000000000000000000000000000000000000000000000000000000000000
B1F3AC95B01F313AAA2F30A132712DEAAE7EB3E3AD5EB13725443006A8D9AE0D2CFF1C1BA602A41927592E5C2B223190AF45A4EDA907B28910992FB1ACBC2DC634752AFF3169AAF6318C2476A74B2CB6A8042A9B216C32C530692E4FA6DC2DEE3004AF40AECB32562EFB24F0B063B2F9B019ADC0ADF9306430F1B0AD2FCCA12E
336B257D201B30EAB5602E0A314D2FAA2EB731BDADB4A907AD2CAAE2AF08A48F2C1F316AAEAAAC992C41B0AF3342B3C8265B2F7C256FA10AB05525962765AC9D29D530FCAD45A615A46EAD732CC4A4E4295131142A6A30BB2FDB224BAD322E62264C2DCFA55AB2353031B05235E928312DDA21EE2DBB2777A6DFA8A325472C81
00000000000031DE000000000000AEE1000000000000306E0000000000002B5C00000000000031CE000000000000260C000000000000B004000000000000AE6F0000000000002D72000000000000B65C00000000000031E1000000000000AEF6000000000000ABA900000000000028A3000000000000272D000000000000A602
A7CB280EAD412765B284AC5EAB439FBB286E2DBFB1421C80ACD99FA9AE922D822D4BAA77312528B7B012AE2EAFBA32F031E32E5F2FAB1E2A26CFA00533A7336829D0309D2E02A4D9A8E02E03AF632D31310C2AA533F3AF18ACCB1282B3BC2D10B0F7B20E31D427A62D65ADAC2C03290AA951AAF7AC0E346BB0F32B2EAB943021
AE7BABE82C0FA58C22CA2E1E2963AD1EAC94B406B3A72C67B0D3B0312F36AB4D32F2AA7AB215B2051075B1F820072EE0A4D3A770343430DDB1B32A6A1ED9AA75AC32B04C28C93006B37630D6A7F3ABCA29E82D83A7ACAC712EA8B1682F88305AB18D316129CB3146304E26F42A4CB4E332AC2C6EA8DA2EC6A1111BB4B0C9B232
0000000000002E02000000000000ADC100000000000031A1000000000000327F00000000000030B4000000000000A0060000000000002386000000000000B274000000000000ADB900000000000031C00000000000002ACD000000000000AA900000000000002B63000000000000A7490000000000002EE60000000000002099
0000000000000000000000000000000000000000000000000000000000002B20000000000000000000000000000000000000000000000000000000000000A86C0000000000000000000000000000000000000000000000000000000000003146000000000000000000000000000000000000000000000000000000000000ADF0
0000000000000000000000000000000000000000000000000000000000000000000000000000000000000000000000000000000000000000000000000000000000000000000000000000000000000000000000000000000000000000000000000000000000000000000000000000000000000000000000000000000000000000
0000000000000000000000000000000000000000000000000000000000000000000000000000000000000000000000000000000000000000000000000000000000000000000000000000000000000000000000000000000000000000000000000000000000000000000000000000000000000000000000000000000000000000
2CF230E1B0C93043B325AA6DAED03293287E2200B10FA3A2AD48B126AC67ADC034BAA888A233330330F7ABCCAD8EB04CAA1DA4F32CE3B25E2291AE43A43130ACA1E62E3F2571A7752DBD2CC4A16A3030AAA6B0342029A3C42881A0792DE8267D2818AF232184AF8B2D48AC8035F713962F8D29F8AEF6AC97AD51A5D0B0752F91
B118A555B07929CCABBAB46E20901F0C3043A56FAE18B0DC30462F87313A2E0E27C191DA3017AFB0B4A82E3FB0CFAB4628F63036266F32CD2E6D2E413079AC9FB244ADA82E132D4EA638ADAE3359AF592D6A32CA2ACDB1AC2D0CAB8DABB6B0CEAD3D276CB413250DB340ADA5ADF0B38B2DE1278B343F2BC5230BA998AD13AB94
000000000000AF7C000000000000270500000000000035DF000000000000AC4D000000000000B268000000000000B0F7000000000000288800000000000028B3000000000000310C0000000000002599000000000000AE45000000000000A818000000000000ADB200000000000032910000000000002B100000000000002DA0
9FF2ADCDACFFB3B22C428C262F48ACABAF2433F3A7FC1DDB244FA6382E85A93D9E2329E5B2662E8525B5A50E2C02B0D929062F7334912C44AC632B052E2EA5E0B1AD326630C0AB1C2E03AC433080AE9F2D01ABEC258AAEB8300131FEADAFAC51B0ECB028291EA48EA165A658A8EE2CF2A8093072B3C3257EAD7EA5FCB167A83F
A1FDB46FB08F2DA82EA0A8E6A81D27A0A03D2C9C299F341A30C4AEF1ADEC2ADD1D782501AB1CB113A2DFAC2FAF502F67AA35B1749D5333E9AA6033AEB248AF5CACDD2E9A2FE9AF15300932ADB05B30B32945B268A9362EC731B82C8BB3AF32B3AA2B314FAAD2AF4C2664AD05B430B15CAFA62C2521DFB155314530C42E792BBA
0000000000002E440000000000002E98000000000000AA5B000000000000AD48000000000000AAC60000000000003057000000000000A1D10000000000003229000000000000B3040000000000002D470000000000009C2B000000000000AEDA000000000000A76F0000000000002FC2000000000000A8900000000000001814
0000000000000000000000000000000000000000000000000000000000003217000000000000000000000000000000000000000000000000000000000000A1A5000000000000000000000000000000000000000000000000000000000000B44C0000000000000000000000000000000000000000000000000000000000002E41
0000000000000000000000000000000000000000000000000000000000000000000000000000000000000000000000000000000000000000000000000000000000000000000000000000000000000000000000000000000000000000000000000000000000000000000000000000000000000000000000000000000000000000
0000000000000000000000000000000000000000000000000000000000000000000000000000000000000000000000000000000000000000000000000000000000000000000000000000000000000000000000000000000000000000000000000000000000000000000000000000000000000000000000000000000000000000
AEAC3294ACF02A712DFCB269AB0AAF2FB44834B7AEA2B015B166ADEAB0CE2C0D1621AD45A5352703AFEB2A3CB0AA2F3F32D22C03AF7B2694B0C42A4BAA5DA23C9E5A2C04ABFA35C1B1CF30E9AD6CAD74AD05A96BA0B9AA033064AC01AF41ADC02DB126992C5F2681AFD3AD0D303E2D5A25EEAF941FAB2C252D1030922FFA18EE
A119B290A4AE25AE2106ADD8ABDE2673A807AAB4B0AD2C67B2A41905B1D5301A2A070F4D316FAFDDB1062898310AB3C9B07FB09E32FFB07930932A0A2F22ACF4B2F6354FB0C3311B2F342ABCAFAFAA82B468AE452CA5B1BEB0EE2AB82D41ACCCB30FB17FAD632E8332C230962BB830A0AD99346B2E639D8B27DB2CA22B19A2B0
00000000000031BD000000000000AC16000000000000AE0D0000000000002D8B0000000000002C24000000000000B24A000000000000B0A3000000000000AEDB000000000000A2D6000000000000A73500000000000029C5000000000000A5600000000000009CAC0000000000003097000000000000AE00000000000000AC1B
31A62C94B09FA64AA767B1FAAC27AAF4A9072D5FB005A93CAE57304CAD32AA81B0B82E302CC5ABE9192A2BA42F2CB29F32D1AFC7AEB4ACE918FA28C91DDEB0442C05AC442AF22F222CB5A8712EF4292B31F629A72CE72F2C1932AE522E91A369AEC7A2C0B22C2F7931C531B330BC28042E932E4B2BE42AC7B34AAC50AB803260
B13530D0B2C22F11AAB42DDB2608ACE5256DB23C32E8AC60ADD9AF20B01F2F00B1302E1AB42E24492E94AB1B3291AA733000AD9E306BA98D1D412D8D30BB22E7A60C30CC3217AD8FB0FAA6659F3CA81AAB21B3A3AC89B40E2CC322209C48306EAC81ACD32312A4F330A92500AA1DA888A93F2A3135D23054B437B20C9EC027FC
000000000000B200000000000000AAB40000000000002747000000000000B1DC000000000000302A000000000000A7C9000000000000300E00000000000031F7000000000000A44700000000000030EE000000000000283E0000000000002BB5000000000000B168000000000000AFCD00000000000031A30000000000002C01
0000000000000000000000000000000000000000000000000000000000002FBB00000000000000000000000000000000000000000000000000000000000035240000000000000000000000000000000000000000000000000000000000002ECD000000000000000000000000000000000000000000000000000000000000308F
0000000000000000000000000000000000000000000000000000000000000000000000000000000000000000000000000000000000000000000000000000000000000000000000000000000000000000000000000000000000000000000000000000000000000000000000000000000000000000000000000000000000000000
0000000000000000000000000000000000000000000000000000000000000000000000000000000000000000000000000000000000000000000000000000000000000000000000000000000000000000000000000000000000000000000000000000000000000000000000000000000000000000000000000000000000000000
2BED1FC4ACE5AA86B228332B213DAFA4B0C0AE3BA5C6AC632FD32F85304BAED630BBADB22CEB295735112EF9274B288FB0022C31B124A5631CD3267B2E99AFF2B2B3A647AA21AFE12EE32DD83204B158318FA09BAAB12C91A734AD0F2DD3B17F29322D592FE3B1DAB42AACEC29C3AEBA320C1A7BAFD0AEE029B7AE1BA4122DC3
260EB45C3317AE25AA60A1CC2A71A5602A832C1DAB0C302EAF70AE9FABA5AC05A597B526AA043135319A2D71AA542A64ADE7328C3106B04430F9A997A5A12F3CAF222F3330F33361B1B01F4524A5B029B05A24F22C22AC20ACBEA41EB0F32F82AD2E22AE28B014D532EF2B832D8BA8102ED2ABF52CB2304CAC6530D4ACE5AE1F
0000000000009DE00000000000003030000000000000B00B000000000000AEF0000000000000A900000000000000250A000000000000AD5C0000000000001DCE000000000000AB280000000000002B04000000000000AE410000000000002D01000000000000A830000000000000AA8D000000000000321500000000000027D5
B208B251300D31F6B2FAAC719CEEAEDD315E27A3AC9F3166B24DB04E2C8BB31E330C91BFABFEB19BB087A9A72E2A33BDA870B05C27091EBFAFA5AB6DAC60AC9833A1A54BB3EEA85AAACEB134AD0D2E5530F4B11D341E35112ED628E92ED9AACA34F2A1E92D7D28E42DBBB448AEC324C6320FAE28B40DB08096BFA4F9A5CE2C58
2D0629412D8B27E4B4492E7926172DE3AC23301E2F6E2C1332C4B3132CA428F52D48B06FA6F024A62B441D9031162E2EAFFDAC19AE5BAF6D33613051B217B0D4B1482B58A9DE342F2838A4E6AD672F962EF82F2EAE77344E2C51ADD32F4C2C612B0D2E802A75A584B26C292B2424A8D5A832ACF8AB9F349530033139AEDCACE6
000000000000A16500000000000033B40000000000002AB8000000000000AEEE000000000000330A00000000000030E30000000000002AE3000000000000316B000000000000A59A0000000000009E63000000000000A73E0000000000001C14000000000000AFB2000000000000B07400000000000031E20000000000003191
00000000000000000000000000000000000000000000000000000000000030130000000000000000000000000000000000000000000000000000000000002FA90000000000000000000000000000000000000000000000000000000000002DF00000000000000000000000000000000000000000000000000000000000002D59
0000000000000000000000000000000000000000000000000000000000000000000000000000000000000000000000000000000000000000000000000000000000000000000000000000000000000000000000000000000000000000000000000000000000000000000000000000000000000000000000000000000000000000
0000000000000000000000000000000000000000000000000000000000000000000000000000000000000000000000000000000000000000000000000000000000000000000000000000000000000000000000000000000000000000000000000000000000000000000000000000000000000000000000000000000000000000
2CF9ACDEA6FBA855B20B29D231952CE1214F31BA2E2E305E30372C9DAFCAAC3B2CB131753096306FAFD2B1B330C7A8BD2B422819B093AD8CA926AF1C2DBDB1FF2B442D292ABAAE7B2C7B31402C252CD82D912CA5B4252EE3AFE8B07FA7F2A900A1B63350ACFBAD3FB034283EA6442DF824B52FB531C7258A2D5E31972478B0E3
AE4DA700B3532C582F5AA01E2CE2B036AA43336CB61B30E7B408AF94AD652F492F73A66C2ECAB06825F1A99234EEAE63B0A420A1B1AEB1082B15B15929492FC32E562D0721A71C94AF8EA8D82D9D2FF6B052A88328D92BE72F20B010ADA9298E2DBA2C592466AE7427AF2F5A287B29B935982FFB2F9FA813AB23A3972CC22D70
00000000000028510000000000001D69000000000000AA0A000000000000B05B000000000000B2A20000000000002944000000000000B50B0000000000002AD500000000000032050000000000009D740000000000002FBF000000000000AFE6000000000000A753000000000000B34E00000000000023EE0000000000001D62
A8C6A8B02DD92AD4B3D3AB6125B9B5C7AFDBB1AA308A281E1D871FA83261239224A4A903B2962A4B21763508AFB1AA47A38131F2AD35B12F2808ACB1A87C3330B234ADDDB1E89B1B1E972D282C3B2CECB5061C1D30F52CF0ABAFB1C93037A7C59B11A9A6B09B1BBDA1CF2EB029723182A58C26DC2D6B2EB1B3AE347D2FCCAD48
B0CE27B7AD392DE2207CA61EAEF5AD85285BA344AD29AFE42C9130CBA5309E3C9F582C04A6F32AFFA189AD4AAA6529FBA6E0286EB531ABCA2D10A1ED25E4AD283534289DAC51B003B18DA9173243A1F32C229CA5A8A220C72D8EA314B5892EC2A7D02E0A327D213F3074B2B530983126B4D12D3EA95AB09D339E19A7A7FA9A1C
0000000000002EDC000000000000ABE600000000000033AB0000000000003030000000000000AE3100000000000032E70000000000002EE1000000000000ADB5000000000000B535000000000000B241000000000000309E00000000000023EB000000000000A6A0000000000000B44A000000000000A96500000000000026D7
000000000000000000000000000000000000000000000000000000000000AC12000000000000000000000000000000000000000000000000000000000000A62B0000000000000000000000000000000000000000000000000000000000001D380000000000000000000000000000000000000000000000000000000000002B1B
0000000000000000000000000000000000000000000000000000000000000000000000000000000000000000000000000000000000000000000000000000000000000000000000000000000000000000000000000000000000000000000000000000000000000000000000000000000000000000000000000000000000000000
0000000000000000000000000000000000000000000000000000000000000000000000000000000000000000000000000000000000000000000000000000000000000000000000000000000000000000000000000000000000000000000000000000000000000000000000000000000000000000000000000000000000000000
2406354F2889310E281EA9F8A997A58BA1BAB0D3B422A6882B872CFE1FA930BE2851B33FAEF3B0582958B252318A3227B4062FFF1FD3AEA81B9F2AF9A55F9FAEB0D6340531BBA816A700AEE7A969B045AC361819300EADB02E05AE3D2E5A31D631611F139C1422812D17128E2CA3309AB448B1D82C4635323093B07BB0D13018
AFF7AD6C2EA02A08260F32872723A639ACA62E5F31932E1BAF7BAD7B272029C6295F314BA943B038B1512706297F2D52B104AE05AC36AD42B067B0E39CCCAE1DAF71300433E2B02EAFAEAC81AA2D2CDB1D0B3091AEFDAEDCAD0F97C59544AC3832B7252B252B2BDC24B2AF1CAC9A2A082028AD911A1330E33058A5D22C3525FA
0000000000002D09000000000000AD380000000000002D61000000000000AE85000000000000AB8E000000000000A989000000000000A9A8000000000000311A00000000000025930000000000002CFF0000000000002F020000000000003105000000000000B20E0000000000002FEC0000000000002AFF000000000000ADF7
2D7FB0C1305FAB38B0422EAAB029B44324FE28BA2D7431472F75B171AA4028B62A9EB06430C6B48734C72BB72EF1AC1B33AD2E222B5C1CE32409B2A4A4EFB00DB076AE2A312EB415B05BAEE52DC22E15AABFB45430EB23982585B119B1D331242C882B70AF97AEC0A1F0AB41A895AFEA307AB25DAD8AAF209D6CA9DD3436304B
282B2D1DB075A9FF2F472CD3B10322F3A86724112F21B01332F5AD862E85B1DDA587A3B1AB182EA8AB7330D529951E05B4FC2CD2240D291A2BE9A5F42425AA7130CCB0F229F6A5C831CEB25F25D7B10AB137ABE929FD225924E92E712D18A7B4274A3581ADF6B3CF344629922C71A8AAAB92B170ABC52C5B2C4CB2442EE32A68
0000000000003003000000000000B554000000000000B2B9000000000000281D000000000000AE47000000000000AFBF0000000000003228000000000000243A000000000000B05000000000000028BB0000000000003061000000000000A926000000000000AF84000000000000A04A0000000000002025000000000000B163
000000000000000000000000000000000000000000000000000000000000B19D000000000000000000000000000000000000000000000000000000000000B40500000000000000000000000000000000000000000000000000000000000033D30000000000000000000000000000000000000000000000000000000000002EF4
0000000000000000000000000000000000000000000000000000000000000000000000000000000000000000000000000000000000000000000000000000000000000000000000000000000000000000000000000000000000000000000000000000000000000000000000000000000000000000000000000000000000000000
0000000000000000000000000000000000000000000000000000000000000000000000000000000000000000000000000000000000000000000000000000000000000000000000000000000000000000000000000000000000000000000000000000000000000000000000000000000000000000000000000000000000000000
B318ADD0259EACECB2E6B426AD122B52B34F29C0B515138E2B11A579AF77A6D4B1992E22A94D2D29307FAE3AAEC9A8B82C7A2ACC348C2D60AC3A2FC2AF69AE63919E1E7DB26424BB1778B4F52DB7A431A8ED2D662D4131D6ACFF2D7A32092FE33236A8BAA584AE7F2CADB117B1E3B2D9335B2954AA1FA6C4B0CEAC97AEF92ED1
2DCF972F244733332C86B1DC3006B13F2ED12308309C356130312A0F2F7E9EA230BEB52EB1BE2904B032ABC93135AF03B16A2E9BA0EEA0D8329B2CE19B4FA0D7B09EA61EABEEAE5A2A591E69AC85B384AD552CFE30B82AD832642DD42E7E28F52F682C14AC3A355CA7E7AF00A5012FED2E71AD5BB42CAC941DE0AF75A9FF2875
000000000000AE18000000000000A858000000000000AD83000000000000A7FA000000000000AC30000000000000B0520000000000002998000000000000302C0000000000003487000000000000AF87000000000000A5E4000000000000306000000000000033A400000000000031640000000000002D24000000000000B08A
AE69A995A577AE182CD1A51528039C35A2E5B0DD30F9B076AC10B15B23BE98CAAF579578288A2DE63063B1F3AD483151AA6932ED2F01A8C92FE5B58A2C892E45B0C1B1FCAF4CAE5CADA72CE12CC4AE0BAF10A832AB422C5B307D9C7BAA473143B1EFAF6B2EA1A457A31F31C6B00D24CB31F6A2DD2466AE55B320B126ABC93048
AC23A4BA30A526B02714B439AC2CAB3AABEBAD6C2810AA0BB177B22DB05D3174AAD72B6A31F5AF542449ADCD2DD3AC7425C8A18232182B6E3460A0582C47240831D9A1D633CCA206AD37328334CB2E70B095AC35AF823325AE3F299D261CAFFBB4503110A971AC6F2CA31D5A2F59340AAA28A80325E22C0FA60A2349B01CA6E7
00000000000027EA0000000000002F40000000000000B1DF000000000000309800000000000024BE000000000000B0100000000000002A410000000000002CE8000000000000917C0000000000002AAA000000000000B2E5000000000000ABF00000000000001FF90000000000002300000000000000AF080000000000002313
000000000000000000000000000000000000000000000000000000000000AF03000000000000000000000000000000000000000000000000000000000000A4A60000000000000000000000000000000000000000000000000000000000003178000000000000000000000000000000000000000000000000000000000000A80E
0000000000000000000000000000000000000000000000000000000000000000000000000000000000000000000000000000000000000000000000000000000000000000000000000000000000000000000000000000000000000000000000000000000000000000000000000000000000000000000000000000000000000000
0000000000000000000000000000000000000000000000000000000000000000000000000000000000000000000000000000000000000000000000000000000000000000000000000000000000000000000000000000000000000000000000000000000000000000000000000000000000000000000000000000000000000000
24DE2FFBB049A8B230A8339C2E8DB16EB005296BACA1ACD3AE62B0C92F2B305AA922245CB1BFB4E9AD0DA93E1702B11FAE32AF24AA5B2EFC302E2C731BD3B035A9B827E09DE6B0B12ED6AE35AEFE322526F33121B1482D77AB85300E2D75A8BDADE0B2692F2BA80DA715B251B53A2A2EB0E624462B97B0562DD33078AF5EB266
3034AD22AA882F0032EDAC422CCE275E2C18AF63AF3924E1ADCEA8A1AE2BAC9CB07730BFAA6F3426A2062C49A6FD2D802DAD947AA589AAADA7112EA43014AFDC2DCBAB2229C12788B08331FDAC872F8BA1853262ADA4B2FD2FB29789B03BAABB2B57A725AA0830D6A5F08E362D552CA632A53019A8102B68A75D2970B13326A1
000000000000AC2A000000000000B1A2000000000000ABB4000000000000B0B3000000000000B1CD000000000000AD8B000000000000B36C000000000000A803000000000000B3260000000000009D47000000000000A63B000000000000ABD90000000000002CE7000000000000AE870000000000001EBE000000000000A858
B38DAE931A2132FA3578ABCFA7ABB2572DAAAE732892ACC42E68ABEFAD909D40B13F358A2D5BB0442EEA2F0EAFD3AA07B1C62FE72B1F2FF6B1052B26A8802EF91BC4B1E431942FACABF6AF1931A0AF3332DF2E8528591C6F2D81328A28D9353E2CAEB064B410AB1A2F41348A1FFA225F2CA5B214B1E23306301FB1162E461F2E
31E6A3C4AD94213531842FA7B14FA96CB2E52984B17C2C7FB15D2E342C2133EA3082AE59AF15AA8DB3EDAB962A61AD6D2A3AB1AA2F562BCB339C2E6E2DD6B3431D0E2B3A1183B1AAB34BA3EDADF8B1E22CBE2DEDAF17A83CAD3EAF9FB1E525292AA2A596A1A6B0CAAA102FEAB3829E2D31FE2AA111C8ADA12B4032CD292F2B7D
0000000000003161000000000000AEAA000000000000AB0D000000000000A42A00000000000028DF000000000000245B0000000000002A31000000000000A5300000000000001934000000000000A9D8000000000000B241000000000000287D000000000000AB0E000000000000AC3F0000000000002EA5000000000000B419
00000000000000000000000000000000000000000000000000000000000031BA00000000000000000000000000000000000000000000000000000000000027A80000000000000000000000000000000000000000000000000000000000002F6200000000000000000000000000000000000000000000000000000000000030EA
0000000000000000000000000000000000000000000000000000000000000000000000000000000000000000000000000000000000000000000000000000000000000000000000000000000000000000000000000000000000000000000000000000000000000000000000000000000000000000000000000000000000000000
0000000000000000000000000000000000000000000000000000000000000000000000000000000000000000000000000000000000000000000000000000000000000000000000000000000000000000000000000000000000000000000000000000000000000000000000000000000000000000000000000000000000000000
2DD32F2EB437A58C2F49A8A5AB3626FA2D12A70A2C62B357A7FDAABAA26F2D0C31A332E6ACFAAF7A240EA86731BB2D2DB109A9D22C312F672A21A95CAFCB2BDD9CA7B12DAE3A2D1D1E28284F2FE7B4C1A0F431CA2C443038AB2A2A6CB057AC11B0602C41A7DF356BADC6AD782C18333923DF34721B4A18D92D08AE373022B2CF
A0302FC82C58AAB2330BB28AAFE6AF862A4DAC1020093105AD052D5E2F7AA357B076B1A334842A1F9E8A24BA3323A555AC4CAF6BB2972DFFB0AD30CA30472A4525E5A70233E82F0F2EA4ACE1AC19B0C33431327D2FB6B33429B62C22300D2C642A042CB2A71B310D0DD9A4D3A5D429BD2F70A706AEE8323CA5E72FCAADF8A840
000000000000A9A30000000000003141000000000000B409000000000000AFB1000000000000AC5F0000000000002E3900000000000033A9000000000000AC2F00000000000031B700000000000021EA00000000000030AE000000000000AD18000000000000B023000000000000ABCE000000000000B272000000000000262F
B2A5AC14B0B8B3CFB15AACB9AA08268133B83055A7BCA9752D9626F3A05C2AA322982D661E74A43724BC240131AF34422ED329C32D7F316E2BD120C9AD28B15F287530632C162A5C28BD9DA63110A01B2A8D33FB2307AC6A28F5ADF73428A3A396712A4B35392BC3A1602EEA29633271A0EFA41AA64831DB1F82ACE5B228ADE7
2458AD6E3224A7D798573064B041B0283427A16CABAFB04F2D7EB1CBA0DF28ECAFE42C392A37B02EB2C9AFD81A6530F22D07AD3DADEAB163B24633112AF2AE9F31A1A8E0B035301FA891AB76AC70A92EA8CA2897B04EB3AEAA39B0A821D9B5113351319FAE59B26934BC2FEC1A6430BD31532DC2AE4432A79686AFA71D0EA9FF
0000000000002CCA000000000000B235000000000000323600000000000034510000000000003060000000000000AF8E000000000000AC9C00000000000029D4000000000000B3C5000000000000293F000000000000225D0000000000002E51000000000000B06D00000000000029C000000000000098460000000000003071
00000000000000000000000000000000000000000000000000000000000025690000000000000000000000000000000000000000000000000000000000002D970000000000000000000000000000000000000000000000000000000000009C760000000000000000000000000000000000000000000000000000000000002CE3
0000000000000000000000000000000000000000000000000000000000000000000000000000000000000000000000000000000000000000000000000000000000000000000000000000000000000000000000000000000000000000000000000000000000000000000000000000000000000000000000000000000000000000
0000000000000000000000000000000000000000000000000000000000000000000000000000000000000000000000000000000000000000000000000000000000000000000000000000000000000000000000000000000000000000000000000000000000000000000000000000000000000000000000000000000000000000
B2702FC12C242B6F30602ED3257E201AAB2F31C9AE1D2DAD3134A969A9E5B0E92CB1B069B27E27F32DFD332DAFDC200223F230D9AE37B04C2E1BB077AE38AC589CB8AE792EDC2839299FAEFA328AAC52B1452CA12C672FA22D05A978B12FAF5BB41327622F86A6C52FA2A00A33552BAD2448AEB128E7A6A7A4DF2DAEB0C4B02D
27382F01B124B41E2A932EAB2BE83201ADDE2F76A6A830832D302C2BA5E22C1AA93929FDA3F49F092900AAB72E09A5712E9E30FB2A62ACC2AD052DE62765ACD92B182AA9347A28552561307BAC06AC282EBDAF82A591AE41B128A5BAA20D1D1FAEAD23B52AC8AE1A323EB508227B362C2FCBB1002EC0ABBD325B1B32B02E99B4
000000000000315700000000000031980000000000003002000000000000A9C3000000000000B06B00000000000032E800000000000032D00000000000002FEA00000000000031500000000000002F8D0000000000002CD0000000000000AF67000000000000A41E000000000000B46E000000000000245A000000000000A0F1
B24E3496A9C4AA4228CA310AAACB281332889938ACF5AA0C30CD278A2D85AFB52C373041AF26AC289B839DF8AF01B389ADF1AE9A22A6A67A31EF2C86B54D2E1832993267A01E2F02ACF4315EAA83B15D296733672948306C3039AA6FAE95259FA298A7FCA9552232B41B2928308EADC8231B30F12C6D2AADA797AC302EFB30C9
24B02F90305F30F0ACAAB0D4B2A79F50AC79AE8729B7310C2F10A6B2AF72B40A2D6934782BA82D77B35EB042324B32509BF4300D3062AE4FAC7C287534D42E4BA1A6AE3B30C0B34D2D39B08A303AB184A81430532B39306A30FE2648B40A3505AC1F322FAC3424A7AF6C2C5425E22FD394DB2A0E2F31A8F223D4329FA11128E0
00000000000030320000000000002CC2000000000000B0500000000000002CF0000000000000ACA40000000000001B450000000000002F2B00000000000030AD00000000000033FD00000000000027D20000000000002E4B000000000000286C00000000000027EC000000000000316C000000000000AC19000000000000323E
00000000000000000000000000000000000000000000000000000000000031E7000000000000000000000000000000000000000000000000000000000000AE3D0000000000000000000000000000000000000000000000000000000000002B4B000000000000000000000000000000000000000000000000000000000000AC54
0000000000000000000000000000000000000000000000000000000000000000000000000000000000000000000000000000000000000000000000000000000000000000000000000000000000000000000000000000000000000000000000000000000000000000000000000000000000000000000000000000000000000000
0000000000000000000000000000000000000000000000000000000000000000000000000000000000000000000000000000000000000000000000000000000000000000000000000000000000000000000000000000000000000000000000000000000000000000000000000000000000000000000000000000000000000000
3088AD23B570AEA0B3E1AF612C69AC2CB13CA90CB133B1C2A897A649AA5AA82D17842649AD802F9A30C3A0F82FAC2DA7AEFDB006AD32276CAF31286C28762B972B9CB036A8F230042AFEAD572B61306AAC5E322BB0ED323B2D1C2EA8206DAAD22C4E317FB4442EC72CE6AEA3AADF3229A8B42CB92F69A83BAD77292A240124A5
2B79ABB4B013B3841DA8303923513378AD98A2D72FAEA7D02B32B0B62B5E28583535AA322C5A2E7B302DB052B085AD57B4262929A827AD62298CB00730FF29E7B01C2867353EAF48A89428F5AA84A70EA677AFF2B0A3AF18AC0DB0832D18AB20ADB9295B2AE23019A2FC2FBA2FAA2DB531CDB0AA3162AE2C24B430572ECE291B
00000000000031EB000000000000A3600000000000002B44000000000000239E0000000000002CD500000000000024010000000000002D15000000000000AAB30000000000002FE4000000000000B0B30000000000002CED0000000000002EDB000000000000ABDC000000000000308C0000000000002880000000000000AE1C
229433C51C452FE4AD77B14C251F2D18A42DACEE347AAD612CD2AD98A91E2DF32F41A6282FA52F50AE372DBA2A42AEED2BCCAA07A6DD297FB33D32C29D33B07CAF0027C3AEF22E0A3030B205B1BA320CB22AB10FB1782C44B0E525C12E3F342EADB321F5A9A533F6B23D3153B16E301521C7B52398BBAFF42591AFC12FAEA644
B00EAC082CA0AE983200982AAAE42CB230713349AFF9AD8931B42E129F16A6091B58B15E33FA3062AD33B1A5AE8CA8653217A0522F002F7E302535C5322D20F7274EADF42C8CADE6220C2160B4B9338CAEC8A6E42FC9A80F3061AD5D2E682AB6AB32AB7FB0B532F8B1F12B192931B570B0D6AC922C51301E156C2D4E23E4300A
000000000000B153000000000000297D000000000000AF3E000000000000AA8A000000000000B3EA000000000000B1E9000000000000B09E0000000000002BF90000000000002A9000000000000028D5000000000000264100000000000030EF000000000000AE040000000000002B76000000000000A9DF0000000000002CEB
00000000000000000000000000000000000000000000000000000000000030CB0000000000000000000000000000000000000000000000000000000000002D22000000000000000000000000000000000000000000000000000000000000ACB9000000000000000000000000000000000000000000000000000000000000B042
0000000000000000000000000000000000000000000000000000000000000000000000000000000000000000000000000000000000000000000000000000000000000000000000000000000000000000000000000000000000000000000000000000000000000000000000000000000000000000000000000000000000000000
0000000000000000000000000000000000000000000000000000000000000000000000000000000000000000000000000000000000000000000000000000000000000000000000000000000000000000000000000000000000000000000000000000000000000000000000000000000000000000000000000000000000000000
AC852BC130AA1C2EAA4EAD13B1C82791B4A0A99F301B2C6FB04DAA4CB16FAE7C30A12D1AA3D625EB342B2E9FAE2A2A10B0A032C392642C77A99F298A2F8E258C99C8A8C530F63147A842B19B2E503446AF62B20B3036AD33A4702A4AAFB732142C0C2BBAABDB3209ACB530EF3084ADC8B05829C92EC8AB0FB0B92B4C2C7E2AF8
B402ABA42694322B289DB20830EBA52EA7DC2CEBB0B82C43ACFE2FB42C68B1AEAD2830042A3DAE6128A63357AF1F308A253623FF29AFB0652EF6B16A29F52C7C8E531D1EA85FAC64AD0CB0C8B239AA8D2D2524F633213236A627A3012E352FA8AE952C183110B67FB367AF3428422E58AF743598AA2BA299208F2EB2B1EFA7A9
000000000000314B0000000000003038000000000000B0AE000000000000AEAB000000000000B32200000000000035B20000000000002E620000000000001E8D0000000000002FA7000000000000B035000000000000AAD5000000000000AC12000000000000B11B000000000000A9AC000000000000B16A0000000000002EBF
26792A85B07BACDFAA339C96B29DB32E31282F7730E02FCBADAE2392B324A9E524C29BF8324C2B982C252CB826D9B0BC31602D4DB31428962AFDB323AFC72CDAAD9AB02A31B42E96B0C9306BB06D307C2BAEB05CB14F343228ECB32CACF02F4921CEAD0AB08FB024AC06B31FB142306A310632CAAC232E17249129A3A9B5AE06
B039AD672905AC442ED0A8912C3CB120A8E52C1AAF6133B52FAFAF812E0BB0B81850B28C3102B02B31C9AB1CAC4A30602DD6A0D7340728453033AE49ACB1AF8C201F2D89AFA1B1662A202CCD29DC24E32D302FAE3033AADD32AEA92E2A6FA6002AD1A849B09AB2719B3D28B2B2392A502A402DA8237BB181B26428B61BCBA172
00000000000029850000000000002D7C000000000000B3F6000000000000AF8C00000000000010590000000000002FE6000000000000300C000000000000ACB30000000000009C620000000000002A51000000000000AE50000000000000341800000000000030A1000000000000A520000000000000A301000000000000B251
000000000000000000000000000000000000000000000000000000000000ADF800000000000000000000000000000000000000000000000000000000000031B6000000000000000000000000000000000000000000000000000000000000AD1D0000000000000000000000000000000000000000000000000000000000009EC8
0000000000000000000000000000000000000000000000000000000000000000000000000000000000000000000000000000000000000000000000000000000000000000000000000000000000000000000000000000000000000000000000000000000000000000000000000000000000000000000000000000000000000000
0000000000000000000000000000000000000000000000000000000000000000000000000000000000000000000000000000000000000000000000000000000000000000000000000000000000000000000000000000000000000000000000000000000000000000000000000000000000000000000000000000000000000000
2C2D2E4CAF092AFA298722A62B272D76B26330ED20CA3068B148B0A32DB1A5A82A3F2AD7A458248C30D7A94CB1752FEAB20C2E723129AD2B2F04B0832A26AF1F2889A40630CC2D6CAC4F2D4AB06BA67D2C6BAF4AAC16305BAA802BC92CD09D983176AD11ADBA1A552C7A1CDF2A22AF3FA7A3B19DB023B1B5AD2EACBAAA3CAB1C
B178265DACDB2E8BB18B31482F842D592A2DAAF4B0DE2A4424DF2D06A9F5AFD627C833A61953A8222E3DAD86302E2EE0B128A08D31582590A5B52CA5AF62AF4F2F2C323FB0EB2884AF3A2FB931682A2FB4F834DF31692911B1B9AA75AC903134AA38A8EF2D3FB041306EAD3C3160AF021C0CA1372AF0B499A622AEC89D95AD24
0000000000002DBE000000000000AC7D000000000000B0360000000000002969000000000000300D000000000000B1130000000000002BFF000000000000285D0000000000009D91000000000000301600000000000030DE000000000000A80F00000000000034DD000000000000B02F000000000000B2A3000000000000A9E1
2CC928C2B29EAD132604AA322A6F2255B27A303CB114AE332A2AB0D9302E34C7A7CC346F2C992B6929B62BE0343A2A1AB3C0B207AB0DA58BB474A9FC2C5B28FA2C5FB493A9C13024A7822447B450B02AAC3FACD9B0FBB3F0303A2D332DDB2B87B493B1C530D4A424240EA4482522AFA031AD31E0A6A3B4C522242D032F009C3B
A4A32C01316BB107B345B249282F2E922BCB33BF2772B5642F032E4EAA24A860B2CBA3B4ADDF30293224270FA862AF86B29E30BC289CAC74B5213144285CA7002F5428562D66A97628A123DA2DA61D51AEE72C580C372FABA135316F3405AD6D2125B087305AA29D316A1140A661B0502D06316C9FD5AEF12FF2A959269F2430
000000000000247D000000000000AED9000000000000AC3E0000000000003204000000000000314500000000000024F7000000000000A939000000000000AEE4000000000000A43B00000000000030AE000000000000B0E600000000000027EA00000000000098B100000000000030F8000000000000ACE80000000000002BD9
00000000000000000000000000000000000000000000000000000000000032220000000000000000000000000000000000000000000000000000000000002BFA000000000000000000000000000000000000000000000000000000000000AC0400000000000000000000000000000000000000000000000000000000000031C5
0000000000000000000000000000000000000000000000000000000000000000000000000000000000000000000000000000000000000000000000000000000000000000000000000000000000000000000000000000000000000000000000000000000000000000000000000000000000000000000000000000000000000000
0000000000000000000000000000000000000000000000000000000000000000000000000000000000000000000000000000000000000000000000000000000000000000000000000000000000000000000000000000000000000000000000000000000000000000000000000000000000000000000000000000000000000000
B0E4B08D2DC3A3C9ADF33109AD54AFB42C95ACFDA906ADA025F3AA3FA8733063B04FB0FEB0432DF4B5061E1829612C86AC10B0E0AFC22C2CAFC32C24B00C3074349D2CEC2D53248C24462E4EB1022992AB6EA6681D192C9C2BECAF5D2D1CAC23A8B7B2762C7DB11030C9B0EF31C12B77AE0AACF22426A4752AAD2E1CAEE42E15
B35A329EADF41C91301CA7C12802AAFC35C7B2BD2923B19CB0A72F1BADF5AD743074ADA3A484222632EA288523C73094256EAB3AB22D3151301C96CA313E324934DCAEF0347A307FAD5CAD28AF06AA5E3132A8F1B0101B062E56294E30E418F52527A7A6B07D301D2ECCA59F31F6304B289330F1B4162C05AE152E812D00AF88
000000000000292A0000000000002D4800000000000028DC00000000000030DA0000000000002CD50000000000002C720000000000002EB5000000000000AE98000000000000288B000000000000B3BE0000000000002958000000000000B254000000000000B19B000000000000B2FA000000000000ABC00000000000002FD9
339EAA1BB0402EAFB4542FDAAF01A1A4B0B5AF2828B3AE5225B3AD6A2EAAA209AFA7B0EEAB5C2A52A48BB1E48D96AFD42D8B9CECA8C3341AB025B0CF330A30E42E86260CA55E3036AF2F34F8A076B1D0324C301BB3799DBE344330FD323724CAAF78AD2A21012C882E093097B08EABC5AC5DB466A83B2EEB1788289FAFF331BD
B00B28BAAC0B2C4BA238AFCBB473270BACB42F992C5121292764260822352446A5E1304A3058283332F5340E2473AD09AC6E2FE7A3E732A3B099A1C7A963B16916C0AD5DAFE7B2E0AB7230F0A86BB21AAC6DAC10B1DFA2B8A1122C582C68B256AD6130E02E75281A29D4AD89B14FAF9B2B83B56DAF27B162ADE9AF53335F300D
00000000000036B9000000000000A7820000000000003012000000000000AC230000000000002CB2000000000000AC940000000000002921000000000000ACD800000000000028CE0000000000001F6E0000000000002CEA000000000000B0A80000000000003339000000000000A8CA0000000000002D9B0000000000009CF1
000000000000000000000000000000000000000000000000000000000000A95900000000000000000000000000000000000000000000000000000000000034AC000000000000000000000000000000000000000000000000000000000000ABA60000000000000000000000000000000000000000000000000000000000002E41
0000000000000000000000000000000000000000000000000000000000000000000000000000000000000000000000000000000000000000000000000000000000000000000000000000000000000000000000000000000000000000000000000000000000000000000000000000000000000000000000000000000000000000
0000000000000000000000000000000000000000000000000000000000000000000000000000000000000000000000000000000000000000000000000000000000000000000000000000000000000000000000000000000000000000000000000000000000000000000000000000000000000000000000000000000000000000
B038B25B30853621905BAE25A4D7B37CB29B327EB60CAF86AF0BACB42DEDB12AB274301A28F9B5B32EE025FFB09AB0E5B0E7B45E2C8C2ED42F9A2E21ACF5AF072D1FABF0B0B6A8812D592E9FAC1F29D9AD852B973428AD16B149A97FA55430AD2FEA310EAF69B0892EACA64E2FA82D5CA96A2348B2F82E5024FF223E307630D7
2A4026E22BD52FC1308FA53DAF7F2167AED8A907ACA928A2223B9EEAB27F30202F89ADA0290426A7275EACCBAC712C0CAEA118B3AF14AAC822FAACB4AF032EACA4B8AE2FA8322CEC2A1734902D67B250B33BB37C23D82B6AAFA71FDA2F3F31832F0FB1B71CD4B02C3072240630653019228FA2A3A736AA9DB07127322DFC19BA
000000000000326E000000000000A84E000000000000AD6D000000000000A8470000000000002D800000000000002CF2000000000000B1A500000000000029C100000000000030F4000000000000A38100000000000028610000000000002B24000000000000223400000000000028A4000000000000A8070000000000001EF5
2A732C542B2DB0E629BA2F1CAE1AAC42B050AD22B3EA232A2CACAA71B0B8285E30A2AEC7B178B282AD5A264D22A9AE8EA575A432B0E92EB8AF862DCD313AB1BB2910AE6DAF4CA8CBAA872DB0B1CC33FF2E0EB3AE3235300B305CAE4D339231E3278530AFA697AE8CB140B0D8B2CB2D2C2CAEB322B23F22C62EF4B14426FFAE1F
32BCA658B02A30BF05B1AE4AA9991BF1A8B61C892C38AC6FA3C82F81B28A2F9F3027B53AB14DAD0E34062DD230123052303BAD81319BAD092C2E3130A26534C52D4A2B0E2D1CA9A227A2AC59B0A0AB212AD3A88716D4AA5EAB39AB24AED032361A2EAB88AFC41D67AA89AF2B2856310DB57FA0B0B11333F42985AF24ADCD28DC
000000000000ACF2000000000000B07500000000000022F1000000000000B0F300000000000028AA0000000000002EFD0000000000002E2B000000000000329D000000000000B0E10000000000002CA2000000000000B209000000000000B3AB00000000000030CF00000000000028AB000000000000AFA400000000000031EC
000000000000000000000000000000000000000000000000000000000000A5620000000000000000000000000000000000000000000000000000000000002F390000000000000000000000000000000000000000000000000000000000000BE90000000000000000000000000000000000000000000000000000000000009BC5
0000000000000000000000000000000000000000000000000000000000000000000000000000000000000000000000000000000000000000000000000000000000000000000000000000000000000000000000000000000000000000000000000000000000000000000000000000000000000000000000000000000000000000
0000000000000000000000000000000000000000000000000000000000000000000000000000000000000000000000000000000000000000000000000000000000000000000000000000000000000000000000000000000000000000000000000000000000000000000000000000000000000000000000000000000000000000
AB7EB079B0E1A48DA1672DA32E9E26E8A96EAEE025F92D74B13729FC2C1BA77D3146B591AC69A3E13138ACF53004B1F6ACA0A9993453A954A5BF2EEEAF8B2B932AED2CEAB4602AC63095B2AE2D91ACD43086B055A6932D192DAE26762EF52D37B468B40C2D48B3952A0016F43088323BADB22DB0AD98A8DA2B47AF18AA422791
AE6231933073ABCDB22B30DF30ED31C420C8A7B1A64A2BDB2EA62CF69A292D862D47A87D1E24AB62AB21AE86AD2C2DF02401AD15AEA9B00C1FB529DE26202EF92E892D632BFC277FAC00343030A8B4DB30A130C1314A2D38A832B0E6AE03A944AB643293A880A82F2A48300FAF2CAF0328AF2963A4D5A5762AF9B08F2D52ADE6
00000000000034B000000000000027E300000000000030C3000000000000A8F7000000000000B08A000000000000357600000000000097C40000000000002B18000000000000A9670000000000003108000000000000AE4600000000000031B000000000000014B50000000000009F880000000000002D4D000000000000A88A
28ADAC852DA72936AEB0ACD9A84A3043B1ED28E0AA2C9C59B0C9B402B037A0D12AA2ACE3B1B1AA6DAD39B07430742BFDA480B25FAFC7A5B72F632E7E13BA33D69057A667272DB23BAB2A2DD39ED7AD78AF1D3282AD84333DAC21B0B32BBCAD67A8B7283D2515ADB6AF06A2D32CB2AD0F2FDB254A2AF1AA3F2E51278A2C5E2B37
2BE0B2C8AC33B3502C662CC22F98AC0431ABB413B4EBB0C1A7C12AA8B1CAB02EAF4DABA1B13834021CFAABD72492B020A5D42C8D2CDA251E2F6128B4A81FB4AF1DD1B2FB1A8533B22380A66A2B15B1F5B06DADBA2F7DB053AC13B11B2E01280032F8B22931E428D9B15227C32C45309EB5AB31AFA6C8B4C3AD281C92B097B016
000000000000191C000000000000A6FC0000000000002B1A00000000000018E2000000000000AEAB0000000000002DCB0000000000002A300000000000001DBD0000000000002F9B000000000000AC3F000000000000AF6E000000000000A29100000000000098E200000000000032A400000000000027B8000000000000B0FF
000000000000000000000000000000000000000000000000000000000000B31F000000000000000000000000000000000000000000000000000000000000B1C20000000000000000000000000000000000000000000000000000000000009E66000000000000000000000000000000000000000000000000000000000000B208
0000000000000000000000000000000000000000000000000000000000000000000000000000000000000000000000000000000000000000000000000000000000000000000000000000000000000000000000000000000000000000000000000000000000000000000000000000000000000000000000000000000000000000
0000000000000000000000000000000000000000000000000000000000000000000000000000000000000000000000000000000000000000000000000000000000000000000000000000000000000000000000000000000000000000000000000000000000000000000000000000000000000000000000000000000000000000
B2FE2EDB2F8F26A9309F2FFD2257AD90B002AF7B2451ACB7B2622E4AABEAB2102C7B1C93A28099082694B124B156AD8EACEAB08E2FCBB0F52CEAA96CB1802CAE30BFAD23AF8D2978AEBA2D62B1A73079B098B2E2B168A648B0C230CAAC2E31DCA3E4A7782A6AADACB114215DAED92DE3B089285DAE40AAECAF9BAA8F2E95A5C8
AC39A929A4E1A88FB499B02B3395AF6F30561FD8AA35336DB1EB296DAD9D25C22D52B07C3096ADE22C8B2C5FB40DA5EF2EAEA515A87D2E75B16F2F062873AE5BABBFB3E125FA316BB1C7A64AAD53A6EAB422280929FA2094AE3E2E5BB0392DC92C53A6A5B1E7B0DDAD822C37B1F22B8DAEF2254B3085B3F62EA72D07AACD230B
000000000000AAAD0000000000009E6A00000000000031560000000000002E3300000000000089E90000000000002BEE00000000000030090000000000002C86000000000000A2B10000000000002E35000000000000B3880000000000002B6A000000000000AE95000000000000B0CD0000000000002D4A0000000000002553
AA3EAC58B09B3523313AABED3240B2B13177B249235E2A4234BFB269AD3DB1262E2DB10D91C1ACE235842B20B18FA13EAE092B4A2F0622CBA5D9A037AC97AFC92811301EA26C2C65231C26A2301B2412A9DFAC9A8DACAC3131C0B18A2382B2003285B3D9A9E9B24A31248E672B63A73A2E00A88D2EF92603AE27B2883185AC29
AC3CA912AEC63192AC10AC00AAA7AB312CBB2CC8AD3C28B3B0B32A77B14C2F60A88EAE551B5C302E2D9DB385A5F2357B9D763260B5BDAE3DAB01300F2FD49B39A1582BDE2E1D309BAF66356EB02230CF31EBACFBAD38ABD8A985B1F43049AF6821C9B4C8AB18A1B6B5ECB161ACBAB1E92E63B29126C222A330BF2E19B158B1FA
000000000000AFA7000000000000A0CA000000000000A80B0000000000002BAB0000000000002D090000000000002F3D0000000000002D16000000000000268C00000000000031BF00000000000033690000000000002E69000000000000A69A0000000000002B0000000000000029F8000000000000B130000000000000A36C
0000000000000000000000000000000000000000000000000000000000002C420000000000000000000000000000000000000000000000000000000000002C43000000000000000000000000000000000000000000000000000000000000AC2E000000000000000000000000000000000000000000000000000000000000307C
0000000000000000000000000000000000000000000000000000000000000000000000000000000000000000000000000000000000000000000000000000000000000000000000000000000000000000000000000000000000000000000000000000000000000000000000000000000000000000000000000000000000000000
0000000000000000000000000000000000000000000000000000000000000000000000000000000000000000000000000000000000000000000000000000000000000000000000000000000000000000000000000000000000000000000000000000000000000000000000000000000000000000000000000000000000000000
2CB3B4C8AFD12C193129A108B0E2213C32012F2CA9E6AF902E30ABA2ABE62C28AF8FA59F2AEDACA5B1D1B093B2049E623267351E301DA473ABA12D01B0EFADEA3010245BB0BAB38CAEDCB4452F1E223AAD8D2D352E1817502F0AB0C32F7DA6182E20ADF7AC3D2BDCA80532872CE330F2A2D9A4802EB0348130A9AD112FBDA544
B010AD0634052DA9254129CEABA323F12DC43485A5A5A4EEAC182CD023F82FF8B0A620402FBFB4A129542DA31E44296FAA779F1021C7A815AE102882AD14A9AB260B34F09BBE33522ED3B385A9FD30102C513110AE07B13B324630E8B10C2A50B3E6AF4D2E22AC36AABEB2BE2F4F30B2B08CB1D82E972FD7AFDDB19A1C02AD7B
000000000000AE9200000000000028080000000000002E2E000000000000298700000000000030E7000000000000AC9C0000000000002B68000000000000A53F00000000000024FB0000000000002DF60000000000002A940000000000002936000000000000A8460000000000002D080000000000003337000000000000058C
2D8FA7FDB220AF0AB02D9B332D73B42326DBB5DC2DAFAE8DB419A9852AE1B169A4DCACF72929B07CB0D1280729CFAE60AD63AD3AAF2131293447B0E69ECBB04EA3B8AC312329A935282C32B715DB32AAAC3BA6A1156FAD7A318FB0C0A5CEB46F2AC2AE6DA91DB19730FD33339EF92CA033AB23ECAE779927B131A122A65DB302
29A5A4D6AF3CB1BAAD3A31D5AB0430A530292E5D2A12AB1D2D72A5EF2E872B38B041365631B5A52D2708AE4822C8B309A7D8AF342883A86BA8971D462CC9288632AA2BAF309F9C871D31244AA92207932CDD2E1A254228A3B173AC9EAFAAAFBC3140A1CE2050333EA7C6AE31A7BFB025AE892C792B68B15131132AC22AB72DC1
000000000000ADCD000000000000AD4F000000000000B1990000000000002DE1000000000000AEFC0000000000003415000000000000315D00000000000028C5000000000000B100000000000000AF14000000000000B04E0000000000002B4A0000000000002E21000000000000B31900000000000029C400000000000029B6
0000000000000000000000000000000000000000000000000000000000002F260000000000000000000000000000000000000000000000000000000000002F760000000000000000000000000000000000000000000000000000000000002D8D000000000000000000000000000000000000000000000000000000000000A1E4
0000000000000000000000000000000000000000000000000000000000000000000000000000000000000000000000000000000000000000000000000000000000000000000000000000000000000000000000000000000000000000000000000000000000000000000000000000000000000000000000000000000000000000
0000000000000000000000000000000000000000000000000000000000000000000000000000000000000000000000000000000000000000000000000000000000000000000000000000000000000000000000000000000000000000000000000000000000000000000000000000000000000000000000000000000000000000
A4612ED79DCA23E8AFFEB02F30FD1FEA2DC5AE0531162ABF2ED9A1032A6AB004AF22258AB034325E2CA7ACA32AD9A7A3A70626B62F10AFB5B146AD982C55ADE8AD5A2EECB2E829A823FEAA812D102C16B344AD39AB84336B32312CC5B0B73039B089B48A2D33AD593177338532DF29A030A326FBAE68318CACA82BCB2946AE2B
B0902C0B29BE32C32548AEDDA4D8B442B4DE1C32A56E2DB62B01A9A7AD433094AADCB048B1BE2EA92C84AD7FA7C1307E2B309EE92229B4A42704A3B92C7FB05CA2D234613175A625300897162765B0222D86AA5D2C7F2816AC5C308428262E4E2D402D4DAD32AD82B0C3A6532F41ADA1AD3DA4CF1AECB09FAD122F0C2A5C28FD
0000000000002AD60000000000002BAA0000000000002D7F000000000000A9C6000000000000AC3D000000000000AE8800000000000036D0000000000000B019000000000000AC4D0000000000009C60000000000000AEB0000000000000ACBB0000000000002C780000000000009C4B000000000000A87F000000000000ACF9
29A8B2B432A12E03AE5AB09B331CAE712E5F2870B5263000AE0D2B062349AC76318A2C6C3022ACEE2855B19F263DAC6C250A2D6526D52D503342A8A12DC31710285428973134A9012C1D26DBB4A7B304327FB20B310AAE4D283F30B829E0AAAB2C31309A304AB3993114311F2DE01C36B09FA8E99AE63263329E9E89ABBAA9F9
AFB82CF1B175AD97B141B1DFB24B32C025EDACFCB0F7A5812856A54AA4FAB10B26792758AB18AA952B132B74355CA4F32C3D2DAA27B7B3D1A960B1B720B030BFB3B334C1B28B315DAB16309C2F362A2E3392AC812632AB092D4E33EDA62BB029ACF8AA21A347AEE4A922A53225E82BAE31593466A2B2312F221F273A325CA89D
0000000000002A500000000000002CF6000000000000A992000000000000AFC200000000000031940000000000002CA9000000000000B116000000000000AC9A00000000000024D00000000000002D3D0000000000002A97000000000000A4B2000000000000A005000000000000ACC40000000000002996000000000000B448
0000000000000000000000000000000000000000000000000000000000002F7B000000000000000000000000000000000000000000000000000000000000AEA7000000000000000000000000000000000000000000000000000000000000A5F90000000000000000000000000000000000000000000000000000000000003029
0000000000000000000000000000000000000000000000000000000000000000000000000000000000000000000000000000000000000000000000000000000000000000000000000000000000000000000000000000000000000000000000000000000000000000000000000000000000000000000000000000000000000000
0000000000000000000000000000000000000000000000000000000000000000000000000000000000000000000000000000000000000000000000000000000000000000000000000000000000000000000000000000000000000000000000000000000000000000000000000000000000000000000000000000000000000000
33BDAE35204B2BA92804ACB9B4092DEA22FB2C95A8A32E592B2F2C8EAEE8B2F3ADA1A8691DBD2FBA30349E37B03DACD7AAED2E0B2967AA85A876B0282DBDA6722B7DA380ACEC26A7AF42ACDEAC2D35BD9EE229269CC52F65AADCAD83AA78ACE02EA7296DA1532E99B087AAAC2C3CAD7828C6312BA4213161A5EC31AC313B3152
3172341BB1BC304DAF50A91DB0B12E7132EBA539B16D2973A2282EC32F5F30242E8A2054B5FB2BA1B2A32C2E15D12991ABE1B051A736ACA89BEAAAFAB00D2782B149B1519946A16B1BAF2EA9AB94B1242C2833F3B120B0DAABB0AB9BAC28AEDA213933202D532CD7ACFBA6982F23AA60B16FB4C92C1FB1EEAC182DEB2E412960
00000000000031610000000000002FD900000000000030DF000000000000291A000000000000AAFF000000000000311C000000000000A535000000000000A8E40000000000003001000000000000AD75000000000000A9B600000000000093C7000000000000B428000000000000B3B2000000000000A4350000000000002A43
B57E2BDFAADAAE85A6F3B310AA912A542C8726C327942B76216A241F30EFB073B0A7315032BBB0BBAC249FC8AC90B165228A205A30E72A37AA3B2DE83205B2FB2D9F146C23792AC43587B279ABE3B177AD9CAEFAA9C1A8AA2D9A2CD02F4EAD0BB603B252B33AAE1D2BB72C25A037AFF9B0B9AEC826BD20BFAA37AD62ACDF262B
AB84A2AA99632F77B0A0B12D2A3A2CCA308EACD2318A2AD1A212256E300333382D6A3167B003B3D13029A753B325AD15B0F02418B3C5B1542C70ACBFA942B25C2C5CB05AB137AA0033CDAE9FB145A88DAD3A2363338128EDA9E2A6B4AAC1AE3EA76BB12EAC77B0D123DD1D1F31522E2AAF4A2F672118AB23A90BB4CCAF4AA791
0000000000002FC00000000000002FAE0000000000002E2E000000000000AF4F000000000000AECC000000000000B02D000000000000300B0000000000003256000000000000AE49000000000000AF69000000000000341C00000000000020510000000000002CA20000000000002EDA0000000000002D43000000000000AA9B
000000000000000000000000000000000000000000000000000000000000A46700000000000000000000000000000000000000000000000000000000000025BA000000000000000000000000000000000000000000000000000000000000B372000000000000000000000000000000000000000000000000000000000000AFD8
0000000000000000000000000000000000000000000000000000000000000000000000000000000000000000000000000000000000000000000000000000000000000000000000000000000000000000000000000000000000000000000000000000000000000000000000000000000000000000000000000000000000000000
0000000000000000000000000000000000000000000000000000000000000000000000000000000000000000000000000000000000000000000000000000000000000000000000000000000000000000000000000000000000000000000000000000000000000000000000000000000000000000000000000000000000000000
3098AED322AF2C693045A933ADE12C6F3088B442B0B1A1EC2FFE2D0EB04BA9EA2A752810B255318E22F8333E287DB3D2A6982A3E30282CF8B06B2AA5B1682F76AB6EA960226AA57DA5562E71AEC6ABD3A68A28C3B119B44CADF9A9441506312A30ED2D57AE11A854AE4BB2992C20AC81B5382DFDAB39AD932C5117CCB02B304D
B0953498A003AA7B3460AEC2A8AEABDC1F24B045B15617313013ACB62DD01F9DB0A02F6FB30628C03018AD47AD092B2C3206AF4F326E2D4D307B2662B141B1CA2C719C572E003286AB90AF5E35EAAB9F331C2C24A2B322D926CD9089AD65AEA2B0E92EE2AC36ADBEAD66301630A4A9922B5E2AFD28EA25ED2B922D34A2122E60
000000000000B17E00000000000027A4000000000000AB2E000000000000ACD90000000000002C7E000000000000B21C000000000000AEF700000000000027BF00000000000029C10000000000002C930000000000002E67000000000000B09C0000000000002E3F000000000000A4B700000000000030AE000000000000AFBF
329A3482AEDF26FB32A1B12726AB2B13ACE01F1222C62ED6A404B2532A6C2A5430E7AFFAAB74B1C9295EB08F2E65A57F9DAEB068AC7C32972CD42C91AC0DAC6EA8C9A4C32AB7B16034F2263FAD5834F624B3AEBBAC78308BADD62F492A742DAD2F27A9CBA3E2ABB2AF222C3634322E21A561AA9D31F02D0928F02F9E28C0335A
32732C20A425B0D2A8D4B2413011B507B008A665B1B31C652CB82CF02B08328FA7C2B018358CA9A0AE463073AFF92FB4B10DAEBA24D22D29A982305E318AAFC4A60E3043A3B7AEF3249E22C1305E2BFEB05CB12330589C0A283DAE28AE4DB31C34F0ACBDB0E09575AC9E2ECA301B2B83AE6929A5B24932953323AD4832B82CA0
000000000000B1A700000000000032940000000000002E39000000000000A166000000000000B1AD000000000000235200000000000026C6000000000000300A00000000000021EA00000000000035E00000000000002D1C0000000000002FA600000000000029800000000000002BF800000000000034D3000000000000AD73
0000000000000000000000000000000000000000000000000000000000002BDE000000000000000000000000000000000000000000000000000000000000B0660000000000000000000000000000000000000000000000000000000000002A95000000000000000000000000000000000000000000000000000000000000315C
0000000000000000000000000000000000000000000000000000000000000000000000000000000000000000000000000000000000000000000000000000000000000000000000000000000000000000000000000000000000000000000000000000000000000000000000000000000000000000000000000000000000000000
0000000000000000000000000000000000000000000000000000000000000000000000000000000000000000000000000000000000000000000000000000000000000000000000000000000000000000000000000000000000000000000000000000000000000000000000000000000000000000000000000000000000000000
A7A9AFFA285CB0CD3234AF81B0F6B196AFB62CB8AEDFA76331092E192EE32984B269B3B3B4BCAD392D19B2C01E4A31E3B0173190B4D32873309C2877B3012FBCABC62C42B12F2DD329AB273D32632C53B012B29FAD31AAD424C727E32DD19B38AECEA7CFA60CB0CCAC042C2B3010AE0E2FF42F0E2CF9AD78A878B1062C88B3F1
B0AA2A85A968B112ACC02B199BBAB3CC2A5FAFE0B259B0852D1CB0B02A6A2912AC7BA5B42FE52C08ADCFB11A29452E5CA791B02934FE2114A89D9D4531D9B033A0152B652B30B21AAED730AEAC5232A52960B421B2C6A8CFA8A32773AD2C3049B00031190DA1AF50A831AA36B1AC116A29A2B11EB0B631ECAC6A2C10ADB32B01
000000000000B149000000000000B3BB0000000000002E6B0000000000002DA7000000000000AD110000000000002AEC0000000000002EB00000000000002E8D00000000000024FB0000000000002969000000000000164B000000000000AD7C0000000000002CFD000000000000AEE60000000000002DEB000000000000B01B
A77C2725AEA52E33AA21B1402B4C354DA8E6A4B6B0DC2E6BB10BB1BB309DB2762993AF44B104310E9D16A720A959257DA1D23405B04B2F832B9C30A52C032CD02BFFAD5BA812350FAC4C2B732C332C3FB3DCB11730BB3131B0693116B03BB4B6AE14339928F7AC06326B2D90B41AB1B2AB7D2932B346B2FE2846A9A431C2309A
30442C3231842AFB328A25F52DAD300F24C7ACFB2E6D2815348F30CD2CB5B099B13BA8F9AE1EADF7A202A5AFB402AC5C2C5F293DB04B2D4FAF3E2D1131072E212CC429AC28E4AD9BAFE3B1A8A876AD13B2562BA13461AEFD281524792F9D28D82B1728EEB3BD30D5A8E231ECB1182625AC38AD3DA6772F18AD53B434343EAF44
000000000000235D000000000000B424000000000000B1B8000000000000AE6C000000000000B0350000000000002E76000000000000AC530000000000002D05000000000000ADC40000000000003040000000000000B3C1000000000000AED9000000000000AD500000000000003390000000000000B3B8000000000000A261
000000000000000000000000000000000000000000000000000000000000ABFA000000000000000000000000000000000000000000000000000000000000AE9B0000000000000000000000000000000000000000000000000000000000002F7A00000000000000000000000000000000000000000000000000000000000026B6
0000000000000000000000000000000000000000000000000000000000000000000000000000000000000000000000000000000000000000000000000000000000000000000000000000000000000000000000000000000000000000000000000000000000000000000000000000000000000000000000000000000000000000
0000000000000000000000000000000000000000000000000000000000000000000000000000000000000000000000000000000000000000000000000000000000000000000000000000000000000000000000000000000000000000000000000000000000000000000000000000000000000000000000000000000000000000
B1A5239AB49E2DEFB3A42B4DA407299C2FA72B78AAE0B0C8B06C2BC6A8FA22E9B2CD31D1A1462827A5B62D8AAE193186AF12AD40A825A81E12CB2CA9A489A405AB6D2837AB5A27EE289D2D812443AB31ACF529A3B07A34E32EBD2ED60F1D9C2FA6FC2B239D50A2392E99229825A32E9B21EEAF2425F0B2920C9EA47DA84FAD55
302E316590B3AD07B1F7AF56ACFB18C8B1AD2C04B1C6B1033075223CAA9C2455A1DDA43529E6AD0832F0B0B0AA1026FB2FF226172E22332DAD722F68AE372ECF2D95A77398D7B488301AAACAABCBAEBE2D7A2B69B08B2FFF2F883302AC0A26D72D3F34E02E6DA875AE2927AFAE412836B3972561AB0C2E05B32A28DD2E103004
0000000000002C280000000000001E36000000000000A62B0000000000002EAB000000000000AE3B0000000000002FB3000000000000ADC7000000000000AD750000000000002A9A0000000000002EEA000000000000304E000000000000AD1A000000000000291C000000000000AA380000000000002E9400000000000030BB
2E533341AD2B2C73AD04328B28E2A52735C3B02B1DEF2482AA71AE94A6622DF5AE4EB0EFABA5ADC1ACFEAC25A4BF3143AE5AB3F2B2B4B1FE2CE6307B30E5AC9BAE05A0DAA831AED526A528993673A368AD2BACA030BF295DA1472DDAA7AD263833D2AC7BB0E6AD7D322BACBA1FD2B04AA881306CA87A2AAA2EF7333CAAF3AA03
B0F0B2BD2FCD29BC3021B21627E33188A8DDABE8A8BFAED22E572E0E321D2BF1B2B7A76D2B53A7452316AD373154ACAC2C16AC2AB09CAC4A2B63B3AB3113A9D731E22C4E307AAD91304CB1C8B1842A2B3053AA509DF0ADF92F3F2623A9B81C9FB234293630F8203C27C031DDB1BAA524AAF02409A73D25C135CBAED0B42531DE
000000000000AE8B000000000000AD9600000000000028A50000000000002E5B000000000000B276000000000000B38B0000000000009D99000000000000B41F0000000000002F300000000000003146000000000000B614000000000000300B000000000000313E000000000000B23E0000000000001FEC0000000000002D9B
000000000000000000000000000000000000000000000000000000000000AE220000000000000000000000000000000000000000000000000000000000002C91000000000000000000000000000000000000000000000000000000000000B426000000000000000000000000000000000000000000000000000000000000A93B
0000000000000000000000000000000000000000000000000000000000000000000000000000000000000000000000000000000000000000000000000000000000000000000000000000000000000000000000000000000000000000000000000000000000000000000000000000000000000000000000000000000000000000
0000000000000000000000000000000000000000000000000000000000000000000000000000000000000000000000000000000000000000000000000000000000000000000000000000000000000000000000000000000000000000000000000000000000000000000000000000000000000000000000000000000000000000
A8A231E9A97BB1622AADB0F4A978B2ED24F3B53BB16830ECAD1831352CCF255AB3AA2C60AB47262A2B9D9D8BB2FDAB14ABC7B13130EF2E67AA0AACA9AC56B0242C5D34AEA5532C862EFB2CDF29382F9C30E92917ACAAB0F926462FDB2DBE32F21B7A22A8325D2091B4C7A8BD2F4998E79A0B2CF62B79AFD32EB9AB0B2CE3304B
B187AB74B08D2A5EB06B301EB3A828082EB62B2730A8B386315A2CD82FDBB1022FA8AF7632F61C443075AEAA30062864ACB829E3B0A2B27F17ABB01808C4204BB127A132ADC3AA6EA586B46B246AAB32A2B719D1A5F4B226A920AF762FE529DFB37630582F662E262CD7356E2E6B33742C31ACC11159ACFFB065A1A02D4E2DE9
0000000000002FB300000000000029140000000000003212000000000000A064000000000000A2A100000000000012C80000000000002EF40000000000002AC5000000000000AB0F000000000000309B0000000000002CAA000000000000B0AE000000000000AE170000000000002F55000000000000B05B000000000000AC1C
AD1F309FB3B6B08331162CFD2BE12F91304BB10EB0682A4CB00820E0B28A30DFB1ADA84631C3AA71A2E2AF72AB0C2D07B00427BA303723DA2D2BB383ADDD306BB2C8A87A1D482369AC3B2C05B18EB0EFB148AC632743345223D42D902F963291B1292F30303FA52D3017A86D2DBD2D342C11AF0EAF853164301730A32F41AD06
AC093118299AB0EC2E53A2C5AF45AED5B0B52D439E40AE5FA7552D42AE8C2F1F9A1A9C511908A603B4AE31AEB49F2A18B358A0C22F69A6FE319E30DA31802DDC3391AD6A2FA12EAE2C582D3BAE6A2D6B3115B051AFC49A22A9373398B2EBA8E4AE3CB0CEAD5E2515A4D9306CAF58AD7227AE2DAEAE46AAD52E1F30E828C43347
000000000000A843000000000000955D000000000000A62B000000000000B372000000000000AE91000000000000AFE50000000000002A31000000000000AA04000000000000A4E2000000000000217F000000000000285E000000000000ACEF00000000000025CE000000000000AD25000000000000B33E00000000000028DD
0000000000000000000000000000000000000000000000000000000000002A1F000000000000000000000000000000000000000000000000000000000000AA2900000000000000000000000000000000000000000000000000000000000029B5000000000000000000000000000000000000000000000000000000000000B0E4
0000000000000000000000000000000000000000000000000000000000000000000000000000000000000000000000000000000000000000000000000000000000000000000000000000000000000000000000000000000000000000000000000000000000000000000000000000000000000000000000000000000000000000
0000000000000000000000000000000000000000000000000000000000000000000000000000000000000000000000000000000000000000000000000000000000000000000000000000000000000000000000000000000000000000000000000000000000000000000000000000000000000000000000000000000000000000
B057AA41AB743396AC45B1E2A72A34AB2C6C2ECA30312C64B1D02DC52DC2B128B5A8AE08AB2D353CA049AD21A82BA771AD53B2A2339B33462F272832B10B3261A8E631DD21C9B18DAFC1308FACC92D6F2F2E32F4AABCA602B1B7AC73B0D2B1FB2D3DB11BB2C5ACE4B1D035A42E39A873B361305B2E2CA65E2E4E1C44B10D2B75
A29EA19EB3D6AD1DB2172A142FF08E41342BAF09B2A0B116312E2CD0A99AAA7DADDE2E042F53ACFB296B31ED298EAC1BAF0BA9852EDBA8841DECB02EB13AA6A234EA2B3C2FE22E05AF5EA64EA8E7AE282C30B0B42C2A9BBEA9FAACCEA8CB2D57A2E3ADD6AD182AE623E2AAAFB041B5AD90EA30C5ADE724D42D193219B0ACB19D
000000000000AD10000000000000A4B0000000000000ABC80000000000003085000000000000AC5F000000000000B02000000000000032570000000000003157000000000000A648000000000000ACBA0000000000002529000000000000B076000000000000AEDB00000000000025130000000000003180000000000000ACD9
2B70AD2AA413B1C3298A2F4830132CE0AD9C2EC7B211B258A6D327D9B2EBA5EF283C3088B3252E9AAF0525CAA6AF3437303FAC29B1022E952D79347EB05DAFA6314C28C92C3EA676AE72B5BCADA797ACA628B125A849A89FAC6E2905B5722959B17F2D592F392D75AEB52CBAB250AA1AB299AAADB11AAB3AADFA2E65AD3FADFF
2C35A81DAD6E26AC2D6032F4A5812D87B10BADBFAD1FA8BC2C5A3280B16B31493263B4982ECD2527AEF4ACF0B138AA663381A21596CF13ABAD54AD5AAD12B102332025BDA850323A2CC229FAB25EB39F31C43308AAA8B3372F37AAC2309AAA74B43AAEFC2B6AA0F7B0462C032BB8B1EE1A8130B1B0AA316329E92BB6AC46326D
000000000000AEE300000000000031C6000000000000B292000000000000B21E0000000000002979000000000000280B000000000000A89900000000000033D800000000000025750000000000002C920000000000001D34000000000000A65E000000000000A3D10000000000002EB50000000000002EB20000000000002F6A
00000000000000000000000000000000000000000000000000000000000031B500000000000000000000000000000000000000000000000000000000000034260000000000000000000000000000000000000000000000000000000000002CC20000000000000000000000000000000000000000000000000000000000002013
0000000000000000000000000000000000000000000000000000000000000000000000000000000000000000000000000000000000000000000000000000000000000000000000000000000000000000000000000000000000000000000000000000000000000000000000000000000000000000000000000000000000000000
0000000000000000000000000000000000000000000000000000000000000000000000000000000000000000000000000000000000000000000000000000000000000000000000000000000000000000000000000000000000000000000000000000000000000000000000000000000000000000000000000000000000000000
2A932CE23419A7FAAABCA6FB3096313FB36EB4432A50B41429942CD0B08630309C64B092B240AC8CABCC3491AFAC1F2BA9D42F1430E529932E5CAB63AF322DCBAAFBA242336830E82F9A24A19FD8AD11B02B2B2E25293500A622252AAD2F2929B1FA208DB431A9A62FCFB47CAC68AC5E2FB31F8830B6AED4280EA9892A538C13
309BAEBA2CA0ABE72B7B2FC43061A9F52C91AF522903B38328572FABADBBAE772F6D2BA9B09CAEB134892E69292425FF2BD52E982E30B410AA3DA9D928CE293A16D929FB3304A611B2C9AEE5B18C9C772C7D2DADAF29B4562D95ACCAB1C89EA92645AC16AE14ACC2A74F1A3E30AA31BE1E73A99B259731422514B055AA402B67
0000000000001B740000000000002CF700000000000030AA000000000000A2A600000000000030630000000000002E81000000000000B19E000000000000A8580000000000002F6C0000000000002A55000000000000B0F7000000000000A6FE0000000000002411000000000000ACC0000000000000B1C70000000000002B3F
2B2730EFB2BCB3B3A9ACA4FD25F1B333A70A2B25B0EBA60AB362AAF329E7A201AD0DA7CAB4D8354730F727C12405A91D2AD72E73AED0348BAB9A263BB090AB4D3448B0FC315030AE2ED1ABD2AC359C8E2EFDAD1EAAFF2874B41C2D7F33172AFFB04F29502C792B012CF12B8624C9A50C2A06AFDAB1D5A956B27B15222DACA719
2D6332EF31932A9EADE8AEB19CC72F11309CACD529983125B167999330E0238E31613061B4082C65B28F2470302E327A26731D94B179B0ED2F10B05AA0FFAD91ABA51FAD300D32B1A9DC2E679F0A14B121442A2AB44A2FA6AE42B413A742324033342AEB3200AF58B2A8AE1D29DFAF7830383302256133AE2F48282BB15E2ADC
000000000000B1C4000000000000AB9F0000000000002EEB0000000000002AD40000000000002627000000000000AD65000000000000B01A0000000000002A21000000000000AEB90000000000002C7F00000000000021480000000000002E5D00000000000031780000000000002C820000000000003074000000000000B391
000000000000000000000000000000000000000000000000000000000000B1E0000000000000000000000000000000000000000000000000000000000000AC02000000000000000000000000000000000000000000000000000000000000AB2C000000000000000000000000000000000000000000000000000000000000B3AC
0000000000000000000000000000000000000000000000000000000000000000000000000000000000000000000000000000000000000000000000000000000000000000000000000000000000000000000000000000000000000000000000000000000000000000000000000000000000000000000000000000000000000000
0000000000000000000000000000000000000000000000000000000000000000000000000000000000000000000000000000000000000000000000000000000000000000000000000000000000000000000000000000000000000000000000000000000000000000000000000000000000000000000000000000000000000000
32BAB45F270FB017B496B1DAAC40AFD3ABA39DC32DC12F3FA12E2FD730C92B8CA76930282D6C2EE9AA6DAD0033DCB007A12F2C18A7042DA8A686AB4A292AA79A32A82BD52CBEADE42880B10FB0BBAC5D2F612B94B362202129D4AB3FAC902EEE2CC0B241B1E4AFDCAC64330AB45F20C7A568B2AFA8DD2E24AF172D90AE05309B
3057A0B5A6F5B3A5AFF3B257325BAD832E43AD3B34429F4A3163ACED99BC2E142DBFAF66B0472DA1314E2674311631BA249A323A29CD24912D4C310428ADAE479F4CA63DB481B239326FA14A32CEAD75ACB5B145B56822F0AD80AD142BF92B7EAF502DF3A6C81CBFAFE0308C2A0333899E36290E22E8A62EA5FBAEB4AFB02882
000000000000A5E20000000000002E7500000000000028FD0000000000002CA40000000000001D68000000000000AF910000000000002EFB000000000000AD2D0000000000002D6A00000000000029010000000000003044000000000000AF06000000000000B277000000000000B5C10000000000001C62000000000000285F
2E1C33DA2C2D307A2B2CAF7CAB02B013AE3BAF05A47229F62B632C38219720BC2BF230CAB0592D85A8152DB9AA232CCDB03F2F6A29752C53AE5BB03032B9B0AD31FDA4142742A7FAA98B2F0CAC27303B278FAC669AE3295BAA333028AD2F29732E4F2CE33230B095B26127642BB0AC0EA8AF2EAB2583300C25C02EEEAE6030BD
2B10B02631D5B144AA82234BA5C03286AC2BAFE32D5FB4BF2F37ABE4B0B52FE2ADFDAAA0294A2F8D31BF1ABCADAD28B829BC2B58AA4DB0F03644A676A8D8AB45B392B02AAE98A14FB26F328721F32A5330D2325C2DE6AE9FB151AE7E9E11A9102D00261BAB0E312B2F26B4C4AAB731D827272C96A4692F4A2887AEA1B3C39D67
000000000000AC4A000000000000B0B3000000000000AE58000000000000AF83000000000000B2E900000000000034A600000000000030B0000000000000B321000000000000AE4A000000000000A6780000000000002D9A00000000000028B4000000000000B33C0000000000002B7B000000000000B004000000000000AD9C
0000000000000000000000000000000000000000000000000000000000003023000000000000000000000000000000000000000000000000000000000000ADD7000000000000000000000000000000000000000000000000000000000000AFD90000000000000000000000000000000000000000000000000000000000001570
0000000000000000000000000000000000000000000000000000000000000000000000000000000000000000000000000000000000000000000000000000000000000000000000000000000000000000000000000000000000000000000000000000000000000000000000000000000000000000000000000000000000000000
0000000000000000000000000000000000000000000000000000000000000000000000000000000000000000000000000000000000000000000000000000000000000000000000000000000000000000000000000000000000000000000000000000000000000000000000000000000000000000000000000000000000000000
